artist_id,artist_name,total_followers,genres,popularity
0du5cEVh5yTK9QJze8zA0C,Bruno Mars,36177001,"['dance pop', 'pop']",92
4IWBUUAFIplrNtaOHcJPRM,James Arthur,9022482,"['pop', 'talent show', 'uk pop']",83
69GGBxA162lTqCwzJG5jLp,The Chainsmokers,18603577,"['dance pop', 'edm', 'electropop', 'pop', 'pop dance', 'tropical house']",83
04gDigrS5kc9YWfZHwBETP,Maroon 5,34223378,"['pop', 'pop rock']",88
5p7f24Rk5HkUZsaS3BLG5F,Hailee Steinfeld,7244716,"['dance pop', 'pop', 'post-teen pop']",75
2wUjUUtkb5lvLKcGKsKqsR,Alessia Cara,9696331,"['canadian contemporary r&b', 'canadian pop', 'dance pop', 'electropop', 'pop', 'post-teen pop']",80
540vIaP2JwjQb9dm3aArA4,DJ Snake,7622894,"['dance pop', 'edm', 'electronic trap', 'pop', 'pop dance', 'pop rap']",83
1Xyo4u8uXC1ZmMpatF05PJ,The Weeknd,39452393,"['canadian contemporary r&b', 'canadian pop', 'pop']",96
46GXASE9LHzyssNqKOInUu,Dawin,217051,['nyc pop'],55
738wLrAtLtCtFOLvQBXOXp,Major Lazer,6250741,"['dance pop', 'edm', 'electro house', 'moombahton', 'pop', 'pop dance', 'pop rap', 'tropical house']",78
1HBjj22wzbscIZ9sEb5dyf,Jonas Blue,3424839,"['dance pop', 'edm', 'pop', 'pop dance', 'tropical house', 'uk dance']",78
6TIYQ3jFPwQSRmorSezPxX,Machine Gun Kelly,4197673,"['ohio hip hop', 'pop rap']",85
5ZsFI1h6hIdQRw2ti0hz81,ZAYN,18177852,"['dance pop', 'pop', 'post-teen pop', 'uk pop']",81
7gAppWoH7pcYmphCVTXkzs,The Vamps,4870811,"['boy band', 'dance pop', 'pop', 'post-teen pop']",75
60d24wfXkVzDSfLS6hyCjZ,Martin Garrix,15249153,"['dance pop', 'dutch edm', 'edm', 'pop', 'pop dance', 'progressive house', 'tropical house']",81
66CXWjxzNUsdJxJ2JdwvnR,Ariana Grande,72919065,"['dance pop', 'pop']",94
02A3cEvlLLCbIMVDrK2GHV,Starley,150046,"['aussietronica', 'tropical house']",59
2oX42qP5ineK3hrhBECLmj,Andy Grammer,1011412,"['dance pop', 'modern rock', 'neo mellow', 'pop', 'pop rap', 'pop rock', 'post-teen pop']",74
7n2wHs1TKAczGzO7Dd2rGr,Shawn Mendes,35620264,"['canadian pop', 'dance pop', 'pop', 'viral pop']",88
6MDME20pz9RveH9rEXvrOM,Clean Bandit,4586475,"['dance pop', 'edm', 'pop', 'pop dance', 'tropical house', 'uk dance', 'uk funky']",80
0jKQrxK2zHqxyOAyIMrUQt,SUD,395696,"['opm', 'pinoy rock']",55
6VuMaDnrHyPL1p4EHjYLi7,Charlie Puth,14664112,"['dance pop', 'pop', 'viral pop']",81
77AiFEVeAVj2ORpC85QVJs,Steve Aoki,3613931,"['dance pop', 'edm', 'electro house', 'pop dance', 'pop rap', 'tropical house']",77
3e7awlrlDSwF3iM0WBjGMp,Little Mix,9834728,"['dance pop', 'girl group', 'pop', 'post-teen pop', 'talent show', 'uk pop']",83
3iri9nBFs9e4wN7PLIetAw,Garrett Nash,1600105,"['electropop', 'pop', 'pop rap']",70
31TPClRtHm23RisEBtV3X7,Justin Timberlake,11465855,"['dance pop', 'pop']",81
7iZtZyCzp3LItcw1wtPI3D,Rae Sremmurd,6656481,"['hip hop', 'melodic rap', 'mississippi hip hop', 'pop rap', 'rap', 'southern hip hop', 'trap']",77
3WGpXCj9YhhfX11TToZcXP,Troye Sivan,6231111,"['australian pop', 'dance pop', 'electropop', 'pop', 'viral pop']",80
3TVXtAsR1Inumwj472S9r4,Drake,59353055,"['canadian hip hop', 'canadian pop', 'hip hop', 'rap', 'toronto rap']",98
6Dd3NScHWwnW6obMFbl1BH,Daya,1321295,"['alt z', 'dance pop', 'edm', 'electropop', 'indie poptimism', 'pop', 'pop dance', 'post-teen pop', 'tropical house']",74
7nKeLE1toRtW4M279iS26h,Zay Hilfigerrr,62419,[],44
4nGp682WMiKS4X217kPw8C,Silent Sanctuary,2263543,"['opm', 'pinoy rock']",64
2LZDXcxJWgsJfKXZv9a5eG,Cashmere Cat,314076,"['downtempo', 'pop', 'shiver pop']",60
3tQx1LPXbsYjE9VwN1Peaa,Marc E. Bassy,377501,"['pop', 'pop rap', 'r&b']",70
6lB8vOoI4DRrrVxXwuV19c,Mike Perry,1273750,"['dance pop', 'edm', 'electro house', 'pop', 'pop dance', 'pop edm', 'swedish tropical house', 'tropical house']",68
50JJSqHUf2RQ9xsHs0KMHg,Jon Bellion,1252853,['pop rap'],72
3wbCeEPAW6po7J46netxMT,Up Dharma Down,776570,"['opm', 'pinoy indie', 'pinoy reggae', 'pinoy rock', 'pop rock']",57
0q4NrXqJnc367PieejuROJ,Vice,19455,['chicano rap'],48
6eUKZXaKkcviH0Ku9w2n3V,Ed Sheeran,89167008,"['pop', 'uk pop']",96
0rZRTXEmmPmx6gt92tBqIc,Moira Dela Torre,6457183,['opm'],70
3r3Rkuc4jmZHXgchgaXwnv,Suzi,8317,[],44
15NtJjjHRFybdNSMyM9smT,Nevada,14410,['eurodance'],50
7CajNmpbOovFoOoasH2HaY,Calvin Harris,22344014,"['dance pop', 'edm', 'electro house', 'house', 'pop', 'pop rap', 'progressive house', 'uk dance']",85
1l8Fu6IkuTP0U5QetQJ5Xt,Fifth Harmony,13623226,"['dance pop', 'girl group', 'pop', 'post-teen pop', 'talent show']",73
1vg8YXdgvLLPPeXZkM7g5W,Daryl Ong,532395,['opm'],51
1Xylc3o4UrD53lo9CvFvVg,Zara Larsson,9512637,"['dance pop', 'edm', 'electropop', 'pop', 'pop dance', 'post-teen pop', 'scandipop', 'swedish electropop', 'swedish pop', 'tropical house']",78
0NGAZxHanS9e0iNHpR8f2W,Alok,10834551,"['electro house', 'pop nacional', 'slap house']",82
787bCXOIvGeBw0Bc4kEjhD,Luke Christopher,161395,"['indie pop rap', 'pop rap']",54
0DnjaQqb436AH1idffI6CQ,Yeng Constantino,2086047,['opm'],60
1uNFoZAHBGtllmzznpCI3s,Justin Bieber,54009889,"['canadian pop', 'pop']",97
1t2caVgyabZrVDAlmMGraV,Michael Pangilinan,1338457,['opm'],58
3Gm5F95VdRxW3mqCn8RPBJ,Aminé,1702319,"['hip hop', 'pop', 'portland hip hop', 'rap', 'underground hip hop']",77
2KsP6tYLJlTBvSUxnwlVWa,Mike Posner,1206183,"['dance pop', 'edm', 'pop', 'pop rap', 'rap']",73
25u4wHJWxCA9vO0CzxAbK7,Lukas Graham,1891376,"['danish pop', 'pop', 'scandipop']",76
05o1zW8b6PV6rEquXr74sB,State of Sound,43349,"['deep tropical house', 'swedish tropical house', 'tropical house']",45
5y2Xq6xcjJb2jVM54GHK3t,John Legend,6031076,"['neo soul', 'pop', 'pop soul', 'r&b', 'urban contemporary']",83
5WUlDfRSoLAfcVSX1WnrxN,Sia,21695666,"['australian dance', 'australian pop', 'pop']",89
4BNWanhw4AjSXjBm9L1Jzy,Juris,602775,['opm'],58
6T5tfhQCknKG4UnH90qGnz,DNCE,3993198,"['dance pop', 'pop', 'post-teen pop']",70
2kZThDGZcHl4klYYFk0v8n,Moonstar88,740878,"['opm', 'pinoy rock', 'pop rock']",55
4dpARuHxo51G3z768sgnrY,Adele,31988892,"['british soul', 'pop', 'pop soul', 'uk pop']",96
4qzcg58jZdJ9ujEI6Cs3Ad,Krissy,14807,['opm'],38
0bdfiayQAKewqEvaU6rXCv,MØ,1358393,"['art pop', 'dance pop', 'danish pop', 'electropop', 'indie poptimism', 'pop', 'tropical house']",73
6JL8zeS1NmiOftqZTRgdTz,Meghan Trainor,10982761,"['dance pop', 'hip pop', 'pop', 'post-teen pop']",82
3t5xRXzsuZmMDkQzgOX35S,Robin Schulz,2848688,"['dance pop', 'deep euro house', 'deep house', 'edm', 'german dance', 'pop', 'pop dance', 'tropical house']",81
4gzpq5DPGxSnKTe4SA8HAU,Coldplay,33068883,"['permanent wave', 'pop']",92
7vk5e3vY1uw9plTHJAMwjN,Alan Walker,31625295,['electro house'],84
5M0lbkGluOPXLeFjApw8r8,Shelley FKA DRAM,812072,"['alternative r&b', 'pop rap', 'rap', 'trap', 'underground hip hop', 'virginia hip hop']",64
3YQKmKGau1PzlVlkL1iodx,Twenty One Pilots,21581165,"['modern rock', 'rock']",85
6aiCKnIN68hohzU3ZzNq48,Sarah Geronimo,2872090,['opm'],59
2tQbSWgZLIB8MXMnsXVRro,Nina,535196,"['dance pop', 'opm']",58
2JEIN1g27pZdm3hKB9EwE5,Mark Carpio,141722,['opm'],53
5elcNQkZ6FCZA3grSOMngY,MYMP,797786,['opm'],62
6d47Z08T4snK50HgTEHo5Z,Sage The Gemini,780053,"['dance pop', 'hyphy', 'pop rap', 'rap', 'southern hip hop', 'trap']",68
6gK1Uct5FEdaUWRWpU4Cl2,Petit Biscuit,894308,"['new french touch', 'tropical house']",69
6ZgBJRjJsK1iOJGKGZxEUv,South Border,759198,['opm'],59
24fEOzlKhgSNLIcy9NdmwH,James Reid,297996,"['deep neofolk', 'opm', 'pinoy r&b', 'tagalog rap']",54
3nZa8vRD64ueq3d0JNYTsl,6cyclemind,817630,"['opm', 'pinoy rock', 'pop rock']",54
5pKCCKE2ajJHZ9KAiaK11H,Rihanna,46142593,"['barbadian pop', 'dance pop', 'pop', 'pop rap', 'urban contemporary']",90
6s22t5Y3prQHyaHWUN1R1C,AJR,2047044,['modern rock'],78
2wY79sveU1sp5g7SokKOiI,Sam Smith,18251899,"['dance pop', 'pop', 'uk pop']",87
4NeCu267LZemnoq44lZYKy,Julie Anne San Jose,529404,['opm'],57
21E3waRsmPlU7jZsS13rcj,Ne-Yo,6663102,"['dance pop', 'pop', 'r&b', 'urban contemporary']",81
0ekbDNE2eOq8QiaXM34wer,Howie Day,286185,"['acoustic pop', 'neo mellow', 'pop rock']",58
2GqX0GnrKdi6Z2X2OReYOK,Piolo Pascual,195975,['opm'],46
1ZfhyWZ9byvjFKEzBSa81I,Freestyle,52823,[],6
1Hsdzj7Dlq2I7tHP7501T4,Niall Horan,8014500,"['dance pop', 'pop', 'post-teen pop']",80
3C4t1usFGoKHCSRdujm2GN,Ryan Cabrera,71314,"['neo mellow', 'pop rock', 'post-teen pop']",51
2Hjj68yyUPiC0HKEOigcEp,Jesse McCartney,850343,"['dance pop', 'neo mellow', 'pop', 'pop rock', 'post-teen pop', 'urban contemporary', 'viral pop']",64
4AK6F7OLvEQ5QYCBNiQWHq,One Direction,24070024,"['boy band', 'pop', 'post-teen pop', 'talent show']",87
6ydoSd3N2mwgwBHtF6K7eX,Calum Scott,3802151,"['neo mellow', 'pop']",81
0EmeFodog0BfCgMzAIvKQp,Shakira,22763470,"['colombian pop', 'dance pop', 'latin', 'latin pop', 'pop']",84
3wjsrpfO6odEphTZWx45RQ,Hearts & Colors,119284,"['neo mellow', 'post-teen pop', 'viral pop']",56
2sil8z5kiy4r76CRTXxBCA,The Goo Goo Dolls,2077198,"['alternative rock', 'neo mellow', 'permanent wave', 'pop rock', 'post-grunge', 'rock']",72
0jNDKefhfSbLR9sFvcPLHo,San Holo,647966,"['edm', 'electronic trap', 'electropop', 'future bass', 'pop dance', 'pop edm', 'vapor twitch']",64
64M6ah0SkkRsnPGtGiRAbb,Bebe Rexha,6881450,"['dance pop', 'electropop', 'pop', 'post-teen pop']",82
3AQRLZ9PuTAozP28Skbq8V,The Script,7005109,"['celtic rock', 'dance pop', 'neo mellow', 'pop', 'pop rock', 'post-teen pop']",77
2mxe0TnaNL039ysAj51xPQ,R. Kelly,2379449,[],70
5oWOx0BBDSMoFB8JDrjQre,Katharine McPhee,153890,"['idol', 'post-teen pop']",54
55fhWPvDiMpLnE4ZzNXZyW,Noah Cyrus,925454,"['alt z', 'dance pop', 'pop', 'post-teen pop']",75
6oMuImdp5ZcFhWP0ESe6mG,Migos,11963671,"['atl hip hop', 'pop rap', 'rap', 'trap']",82
5H6xmHXjsq98NLbEjuE29f,NEIKED,105281,"['scandipop', 'tropical house']",75
6w7j5wQ5AI5OQYlcM15s2L,Extreme,411381,"['album rock', 'funk metal', 'glam metal', 'hard rock', 'rock']",64
1anyVhU62p31KFi8MEzkbf,Chance the Rapper,5487273,"['chicago rap', 'conscious hip hop', 'hip hop', 'pop rap', 'rap']",80
02kJSzxNuaWGqwubyUba0Z,G-Eazy,4972169,"['indie pop rap', 'oakland hip hop', 'pop', 'pop rap', 'rap']",81
6X9aYHnQ75YI8o08aoa0iS,Boyzone,798060,"['boy band', 'bubblegum dance', 'dance pop', 'europop']",63
4ehtJnVumNf6xzSCDk8aLB,Martin Jensen,1180219,"['dance pop', 'danish electronic', 'deep house', 'edm', 'electro house', 'pop', 'pop dance', 'pop edm', 'tropical house']",72
0t7vWPRBcVv4xBEHPZHSWA,Sitti,69988,['opm'],51
1vSN1fsvrzpbttOYGsliDr,Tori Kelly,1977865,"['dance pop', 'neo mellow', 'pop', 'post-teen pop', 'r&b', 'viral pop']",74
5ILrArfIV0tMURcHJN8Q07,Vanessa Carlton,507672,"['lilith', 'neo mellow', 'piano rock', 'pop rock', 'post-teen pop']",65
6dC0rIJNLSFZwqckLgXJ8p,Timeflies,317631,"['dance pop', 'indie pop rap', 'indie poptimism', 'pop', 'pop dance', 'pop edm', 'pop rap', 'pop rock', 'post-teen pop', 'tropical house']",61
69ug07KFFRhcCZ7iZ1Mn1i,Bailey May,57174,[],32
2Rf4X6m0oayCJhaJ5K63GQ,Nathan Sykes,472607,['post-teen pop'],61
5X4LWwbUFNzPkEas04uU82,DVBBS,948758,"['canadian electronic', 'dance pop', 'edm', 'electro house', 'pop', 'pop dance', 'pop edm', 'slap house', 'tropical house']",68
0C8ZW7ezQVs4URX5aX7Kqx,Selena Gomez,31744872,"['dance pop', 'pop', 'post-teen pop']",86
36jaGQtMj5UWD0eO1fCVdD,Joel Adams,158800,"['australian pop', 'pop soul']",60
5PokPZn11xzZXyXSfnvIM3,Lifehouse,1723082,"['alternative metal', 'neo mellow', 'pop rock', 'post-grunge']",67
5aMmmNxw4vgpc5XC6hK0zp,The Calling,616649,"['neo mellow', 'pop rock']",64
2FwJwEswyIUAljqgjNSHgP,Snakehips,337284,"['edm', 'electropop', 'indie poptimism', 'pop', 'pop dance', 'tropical house']",67
0AJUYWKztkg5dnrHDIBv47,MiC LOWRY,46306,[],41
4phGZZrJZRo4ElhRtViYdl,Jason Mraz,6387730,"['acoustic pop', 'neo mellow', 'pop', 'pop rock']",77
7374lH6kwx9uQATYQ9H3Cp,Eraserheads,2302342,"['opm', 'pinoy reggae', 'pinoy rock']",64
6aZyMrc4doVtZyKNilOmwu,Colbie Caillat,2237405,"['dance pop', 'neo mellow', 'pop', 'pop rock', 'post-teen pop', 'viral pop']",72
3RpJ6OyOnaXRFRXSirgQa6,Jericho Rosales,86101,['opm'],47
6wPhSqRtPu1UhRCDX5yaDJ,The Pussycat Dolls,4724874,"['dance pop', 'girl group', 'hip pop', 'pop', 'post-teen pop', 'urban contemporary']",72
2WzaAvm2bBCf4pEhyuDgCY,Ruth B.,1302199,"['alt z', 'canadian contemporary r&b', 'canadian pop', 'pop', 'post-teen pop']",76
7xEFii6utZmQ61kX59HmLH,FRENSHIP,166421,"['electropop', 'indie poptimism', 'la pop', 'pop edm', 'tropical house', 'vapor soul']",58
7DW4ijH3n36QN0RlC0n649,Angeline Quinto,466229,['opm'],59
5lXfVoQxVgC5fpjkVqvNYn,Isaiah Firebrace,51066,"['australian pop', 'australian talent show']",54
4PVn1b2WnnXdq80C7uaZLZ,Nause,195465,"['edm', 'pop dance', 'progressive electro house', 'swedish pop']",49
0jnsk9HBra6NMjO2oANoPY,Flo Rida,8331012,"['dance pop', 'miami hip hop', 'pop', 'pop rap']",81
0hEurMDQu99nJRq8pTxO14,John Mayer,5339661,"['neo mellow', 'pop rock', 'singer-songwriter']",81
7H55rcKCfwqkyDFH9wpKM6,Christina Perri,3172145,"['dance pop', 'neo mellow', 'pop', 'pop rock', 'post-teen pop', 'viral pop']",75
1Fr6agZ6iSM5Ynn2k4C8sc,VÉRITÉ,266419,"['alt z', 'brooklyn indie', 'electropop', 'indie electropop', 'indie pop', 'indie poptimism', 'metropopolis', 'nyc pop', 'pop', 'vapor pop', 'vapor soul']",56
5BAyYwbv8OSfqeXMjPgWX6,Toni Gonzaga,624395,"['opm', 'papuri']",55
0DdDnziut7wOo6cAYWVZC5,KREAM,180750,"['dance pop', 'deep groove house', 'deep house', 'edm', 'electro house', 'house', 'pop dance', 'pop edm', 'tropical house']",67
6Ww3OMFzCaO33ulKh1LBFN,Hale,690303,"['opm', 'pinoy reggae', 'pinoy rock']",61
2nZ18B9RTjJH56v2NTnNAI,Leanne & Naara,53648,"['opm', 'pinoy indie']",52
6nxWCVXbOlEVRexSbLsTer,Flume,2217709,"['australian dance', 'australian electropop', 'australian indie', 'downtempo', 'edm']",74
4TH4BHy0LdBi3dpBW4P2UX,R. City,122658,"['reggae fusion', 'virgin islands reggae']",65
5mnS9jJdKQQcRSqFu5YPVe,Auli'i Cravalho,77019,"['disney', 'hollywood', 'movie tunes', 'show tunes']",66
2LJxr7Pt3JnP60eLxwbDOu,Mandy Moore,610874,"['dance pop', 'europop', 'hollywood', 'movie tunes', 'post-teen pop']",65
0lzV2CiahHRiGd6qpADtPS,James Hersey,50974,[],53
4bYPcJP5jwMhSivRcqie2n,Adam Levine,915738,[],75
62WbvkXqQGvXQvw74GU3kQ,Morissette,1026644,['opm'],55
0gadJ2b9A4SKsB1RFkBb66,Passenger,2883278,"['folk-pop', 'neo mellow', 'pop', 'pop rock']",74
6jJ0s89eD6GaHleKKya26X,Katy Perry,20020531,"['dance pop', 'pop', 'post-teen pop']",86
5mNum7eUoqWS6NBo91NYHP,Abra,23333,[],15
0AuZVHIr5WSEBbBLZwWwWc,Charice,140790,"['dance pop', 'opm', 'post-teen pop', 'viral pop']",51
2MqhkhX4npxDZ62ObR5ELO,Hoobastank,1953096,"['alternative metal', 'funk metal', 'nu metal', 'pop rock', 'post-grunge', 'rock']",68
6jV25rzTKQ2zMgrqHha1V5,CHANYEOL,1541956,['k-pop'],64
7KMqksf0UMdyA0UCf4R3ux,James Blunt,2526333,"['neo mellow', 'pop', 'pop rock']",75
0zOcE3mg9nS6l3yxt1Y0bK,The Fray,3496523,"['neo mellow', 'piano rock', 'pop', 'pop rock']",73
4kYGAK2zu9EAomwj3hXkXy,JP Cooper,705410,"['neo mellow', 'pop', 'pop rock', 'tropical house', 'uk pop']",74
6vWDO969PvNqNYHIOW5v0m,Beyoncé,29702913,"['dance pop', 'pop', 'r&b']",86
7xTcuBOIAAIGDOSvwYFPzk,Daniel Powter,219322,"['canadian pop', 'neo mellow']",62
11hIqBsGRPztdjBHCSLClX,Daniel Bedingfield,145554,"['dance pop', 'europop']",56
4KOFxteqSAveWCElBVijTy,Joshua Garcia,32521,[],22
1mcqfNCReSFxun2vIWvC28,KZ Tandingan,707716,['opm'],60
719ZCUqy59oGckcB1MzVTx,The Company,19869,[],44
4HOEnLufwAqJ2qoJPVnL01,Callalily,1121352,"['opm', 'pinoy rock', 'tagalog rap']",55
7HJDRQAfEcFiARVehhM6qD,Gloc 9,908729,"['opm', 'pinoy hip hop', 'pinoy trap', 'tagalog rap']",63
6xfqnpe2HnLVUaYXs2F8YS,Anna Kendrick,299782,['hollywood'],67
5JZ7CnR6gTvEMKX4g70Amv,Lauv,4695922,"['dance pop', 'electropop', 'pop']",81
1HY2Jd0NmPuamShAr6KMms,Lady Gaga,20209371,"['art pop', 'dance pop', 'pop']",87
4EzkuveR9pLvDVFNx6foYD,James Bay,3514332,"['modern rock', 'neo mellow', 'pop', 'pop rock']",76
188VINPQh5dyNfLUkevKqf,Olivia Holt,992672,"['alt z', 'dance pop', 'pop', 'post-teen pop', 'social media pop']",58
7hOGhpa8RMSuDOWntGIAJt,A R I Z O N A,375695,"['edm', 'electropop', 'indie poptimism', 'pop', 'pop dance', 'pop edm', 'pop rock', 'tropical house']",65
3zrUX1hQrUB9aXcOiyQLmN,Stanaj,60009,[],50
6kXm2YCtdUOpRYNKeKhfue,Ryan Gosling,38140,['hollywood'],58
3rIZMv9rysU7JkLzEaC5Jp,Snow Patrol,2427070,"['irish rock', 'modern rock', 'neo mellow', 'permanent wave', 'pop rock', 'rock']",71
0ZED1XzwlLHW4ZaG4lOT6m,Julia Michaels,4170839,"['alt z', 'dance pop', 'electropop', 'pop', 'post-teen pop']",80
0XOSmu9Qn1agQULUVe0dAK,Inigo Pascual,431808,"['opm', 'tagalog rap']",52
49tQo2QULno7gxHutgccqF,LANY,4220997,"['la pop', 'pop']",79
6aLdhHUqgdKE86xbtNmY8g,Crush,960076,"['chill r&b', 'k-pop', 'korean r&b']",69
64KEffDW9EtZ1y2vBYgq8T,Marshmello,32666936,"['brostep', 'dance pop', 'edm', 'pop', 'pop dance', 'progressive electro house']",86
1XLjkBxFokuDTlHt0mQkRe,Thomas Gold,157402,"['big room', 'edm', 'electro house', 'funky tech house', 'german techno', 'pop dance', 'pop edm', 'progressive electro house', 'progressive house']",56
6O74knDqdv3XaWtkII7Xjp,Boyz II Men,2312739,"['boy band', 'contemporary r&b', 'new jack swing', 'r&b', 'urban contemporary']",70
4lDBihdpMlOalxy1jkUbPl,Grey,64594,['pop edm'],71
1tXFYQZSAswt4JLB42lpye,Sponge Cola,927645,"['opm', 'pinoy reggae', 'pinoy rock', 'tagalog rap']",59
4V8Sr092TqfHkfAA5fXXqG,Luis Fonsi,9869591,"['latin', 'latin pop', 'puerto rican pop']",78
4U78sK2D3zASSB6oSR38GQ,Christian Bautista,400728,"['dance pop', 'opm']",57
3DiDSECUqqY1AuBP8qtaIa,Alicia Keys,9257131,"['hip pop', 'neo soul', 'pop', 'r&b', 'urban contemporary']",81
58MLl9nC29IXbE4nEtuoP2,Alex & Sierra,1049776,"['neo mellow', 'pop', 'pop rock', 'post-teen pop', 'viral pop']",64
53XhwfbYqKCa1cC15pYq2q,Imagine Dragons,37098280,"['modern rock', 'rock']",91
5338fdSzGNOFD4cxAxDTeq,Aaron Carter,249217,['post-teen pop'],47
0c173mlxpT3dSFRgMO8XPh,Big Sean,9061748,"['detroit hip hop', 'hip hop', 'pop', 'pop rap', 'rap', 'southern hip hop', 'trap']",83
4NagmapOfJiPOxJ9vQsrsf,Mikkel S. Eriksen,214,[],25
4Rxn7Im3LGfyRkY2FlHhWi,Nick Jonas,7774375,"['dance pop', 'pop', 'post-teen pop', 'viral pop']",70
7LVPSD4kabI5LiXIVPI8tn,Jona,108086,['opm'],48
74KM79TiuVKeVCqs8QtB0B,Sabrina Carpenter,3879261,"['alt z', 'dance pop', 'electropop', 'pop', 'post-teen pop', 'viral pop']",75
1DZGAZcaTA32eLJELEsjXY,Kiana V,38090,['pinoy indie'],48
4qBgvVog0wzW75IQ48mU7v,KYLE,997121,"['pop', 'pop rap', 'rap']",71
2yEkZBBjhzKzt6LF5XMaFi,Blue,439578,"['boy band', 'dance pop', 'europop']",63
1GxkXlMwML1oSg5eLPiAz3,Michael Bublé,4890641,"['adult standards', 'canadian pop', 'jazz pop', 'lounge']",90
3Nrfpe0tUJi4K4DXYWgMUX,BTS,42642956,"['k-pop', 'k-pop boy group']",96
0dtmYDbYpwcdHPBI1OJatT,Hugh Grant,6070,['hollywood'],48
5rSXSAkZ67PYJSvpUpkOr7,Backstreet Boys,4214256,"['boy band', 'dance pop']",78
2XMxHczWkSzDDFhiC3zt8k,Marié Digby,66422,['lilith'],47
0L6Gwm0JDrgIQJfjarWSUR,Edwin McCain,255982,"['neo mellow', 'pop rock']",57
0AvtzKTYleNqdJXoZasQWG,Stephen Speaks,131246,"['acoustic pop', 'neo mellow', 'opm', 'pop rock', 'viral pop']",57
6Ff53KvcvAj5U7Z1vojB5o,*NSYNC,1653913,"['boy band', 'dance pop', 'post-teen pop']",73
0lJlKQvuM2Sd9DPPyUXcHg,Sixpence None The Richer,357912,"['neo mellow', 'pop rock']",65
0X2BH1fck6amBIoJhDVmmJ,Ellie Goulding,10247674,"['dance pop', 'electropop', 'indietronica', 'metropopolis', 'pop', 'uk pop']",81
3QLIkT4rD2FMusaqmkepbq,Rachel Platten,833522,"['dance pop', 'pop', 'pop rock', 'viral pop']",66
3z0IVhtuFvt9VYUZGT98PU,Jay R,126749,['opm'],48
5Pwc4xIPtQLFEnJriah9YJ,OneRepublic,12818151,"['dance pop', 'neo mellow', 'piano rock', 'pop', 'pop rock']",84
3FUY2gzHeIiaesXtOAdB7A,Train,3878471,"['dance pop', 'neo mellow', 'pop', 'pop rock']",77
0xNog7ZdcTq9sJFiIXJJTH,Kaye Cal,432377,['opm'],50
246dkjvS1zLTtiykXe5h60,Post Malone,35141866,"['dfw rap', 'melodic rap', 'rap']",91
23fqKkggKUBHNkbKtXEls4,Kygo,7812061,"['edm', 'pop', 'pop dance', 'tropical house']",83
6XyY86QOPPrYVGvF9ch6wz,Linkin Park,20613289,"['alternative metal', 'nu metal', 'post-grunge', 'rap metal']",86
09DdQEMQaaq0f99vqqub3V,krissy & ericka,23108,['acoustic opm'],47
00FQb4jTyendYWaN8pK0wa,Lana Del Rey,14746666,"['art pop', 'pop']",87
2qxJFvFYMEDqd7ui6kSAcq,Zedd,5629083,"['complextro', 'dance pop', 'edm', 'electro house', 'electropop', 'german techno', 'pop', 'pop dance', 'tropical house']",79
07YZf4WDAMNwqr4jfgOZ8y,Jason Derulo,10436622,"['dance pop', 'pop', 'pop rap', 'post-teen pop']",85
2kucQ9jQwuD8jWdtR9Ef38,Sam Hunt,2162275,"['contemporary country', 'country pop']",75
1bqxdqvUtPWZri43cKHac8,MAX,716051,"['dance pop', 'electropop', 'pop', 'post-teen pop', 'viral pop']",74
163tK9Wjr9P9DmM0AVK7lm,Lorde,8723144,"['art pop', 'electropop', 'metropopolis', 'nz pop', 'pop']",81
1RyvyyTE3xzB2ZywiAwp0i,Future,10907580,"['atl hip hop', 'hip hop', 'pop rap', 'rap', 'southern hip hop', 'trap']",90
6LuN9FCkKOj5PcnpouEgny,Khalid,14651265,"['pop', 'pop r&b']",89
1xHQO9GJIW9OXHxGBISYc5,Marian Hill,448549,['electropop'],60
4Q6nIcaBED8qUel8bBx6Cr,Jax Jones,971799,"['dance pop', 'edm', 'electro house', 'house', 'pop', 'pop dance', 'pop rap', 'tropical house', 'uk dance']",78
5yVM85m9yNcHO6o0vaaVxW,Daniel Padilla,440901,['opm'],56
4S9EykWXhStSc15wEx8QFK,Céline Dion,5506893,"['canadian pop', 'dance pop']",78
4N3cNXg5phUzRzuJYYxQlV,Emma Watson,71228,"['disney', 'hollywood', 'movie tunes', 'show tunes']",54
4tB1f1h4TQqDz4bNaibMpl,Emma Thompson,3110,['show tunes'],52
5lLVsxABqSuosfqAoLQeXV,Dan Stevens,4910,"['disney', 'hollywood', 'movie tunes', 'show tunes']",52
105Paee9vmV5rfLSG652e1,Ewan McGregor,27972,['hollywood'],56
1Cs0zKBU1kc0i8ypK3B9ai,David Guetta,23549543,"['big room', 'dance pop', 'edm', 'pop', 'pop dance', 'pop rap']",90
6M2wZ9GZgrQXHCFfjv46we,Dua Lipa,30428731,"['dance pop', 'pop', 'uk pop']",93
2MoxYOhy9ooC8KRcdgIFif,Leroy Styles,3609,['dutch edm'],28
7DMveApC7UnC2NPfPvlHSU,Cheat Codes,1983074,"['dance pop', 'edm', 'electro house', 'electropop', 'pop', 'pop dance', 'pop edm', 'tropical house']",76
2YZyLoL8N0Wb9xBt1NhZWg,Kendrick Lamar,18861542,"['conscious hip hop', 'hip hop', 'rap', 'west coast rap']",89
0uGk2czvcpWQA383Im6ajf,Maggie Lindemann,1614459,"['alt z', 'pop', 'post-teen pop']",70
6KImCVD70vtIoJWnq6nGn3,Harry Styles,18020227,['pop'],87
26VFTg2z8YR0cCuwLzESi2,Halsey,16603870,"['dance pop', 'electropop', 'etherpop', 'indie poptimism', 'pop']",86
2cFrymmkijnjDg9SS92EPM,blackbear,4495632,"['pop', 'pop rap']",85
4u5smJBskI6Adzv08PuiUP,Kiiara,807415,"['alt z', 'dance pop', 'electropop', 'indie poptimism', 'pop']",67
74XFHRwlV6OrjEM0A2NCMF,Paramore,6549748,"['candy pop', 'pixie', 'pop emo', 'pop punk']",80
7ygtjsCTrCQZAYYPOne9uE,Erik Santos,571532,['opm'],57
6ltzsmQQbmdoHHbLZ4ZN25,Lord Huron,967841,"['indie folk', 'stomp and holler']",75
4TrraAsitQKl821DQY42cZ,Sigrid,574856,"['dance pop', 'norwegian pop', 'pop']",66
0QHgL1lAIqAw0HtD7YldmP,DJ Khaled,6782779,"['dance pop', 'hip hop', 'miami hip hop', 'pop', 'pop rap', 'rap', 'southern hip hop', 'trap']",80
6vXTefBL93Dj5IqAWq6OTv,French Montana,4230295,"['hip hop', 'pop rap', 'rap', 'southern hip hop', 'trap']",80
7blkMNJv8n9ceP9zlA4W2U,Shawn Hook,60349,['canadian pop'],48
4xRYI6VqpkE3UwrDrAZL8L,Logic,5569463,"['conscious hip hop', 'dmv rap', 'hip hop', 'pop rap', 'rap']",81
4O15NlyKLIASxsJ0PrXPfz,Lil Uzi Vert,12488801,"['melodic rap', 'philly rap', 'rap', 'trap']",90
5YGY8feqx7naU7z4HrwZM6,Miley Cyrus,16796585,"['dance pop', 'pop', 'post-teen pop']",85
5pUo3fmmHT8bhCyHE52hA6,Liam Payne,8743396,"['dance pop', 'pop', 'post-teen pop']",74
4nDoRrQiYLoBzwC5BhVJzF,Camila Cabello,24557731,"['dance pop', 'pop', 'post-teen pop']",85
4iSU0hKfGnU2nscL5dLi9p,Claudia,18686,['pinoy r&b'],33
73sIBHcqh3Z3NyqHKZ7FOL,Childish Gambino,8581688,"['atl hip hop', 'hip hop', 'pop', 'pop rap', 'rap']",80
5CCwRZC6euC8Odo6y9X8jr,Rita Ora,7090164,"['australian pop', 'dance pop', 'edm', 'pop', 'pop rap', 'post-teen pop', 'tropical house', 'uk pop']",78
4VkqlQl3hGhxjchI34xp2V,Thyro,8996,['opm'],50
1yxSLGMDHlW21z4YXirZDS,Black Eyed Peas,6276967,"['dance pop', 'pop', 'pop rap']",82
06HL4z0CvFAxyc27GXpf02,Taylor Swift,46592677,['pop'],100
2XnBwblw31dfGnspMIwgWz,Axwell /\ Ingrosso,2341670,"['dance pop', 'edm', 'electro house', 'pop', 'pop dance', 'tropical house']",69
20gsENnposVs2I4rQ5kvrf,Sam Feldt,663564,"['dance pop', 'edm', 'electro house', 'pop', 'pop dance', 'pop edm', 'tropical house']",77
1IueXOQyABrMOprrzwQJWN,Sigala,1356827,"['dance pop', 'edm', 'pop', 'pop dance', 'tropical house']",75
7lIVjtsgz0y1oRQFBAVNzq,Mayonnaise,756163,"['opm', 'pinoy rock']",55
41MozSoPIsD1dJM0CLPjZF,BLACKPINK,26804039,"['k-pop', 'k-pop girl group']",84
00TKPo9MxwZ0j4ooveIxWZ,Loote,179959,"['alt z', 'dance pop', 'electropop', 'indie poptimism', 'nyc pop', 'pop', 'pop dance', 'pop edm', 'post-teen pop', 'tropical house']",65
3JhNCzhSMTxs9WLGJJxWOY,Macklemore,1805780,"['pop rap', 'seattle hip hop']",77
4DTbdShHu2RPYEEMUp2XWV,Anjulie,26981,['canadian pop'],62
6eouuqqGggqDlYRV63cgPo,Secondhand Serenade,887476,"['neo mellow', 'piano rock', 'pixie', 'pop punk', 'pop rock']",61
5lKZWd6HiSCLfnDGrq9RAm,Leona Lewis,3051188,"['british soul', 'dance pop', 'europop', 'neo mellow', 'pop', 'post-teen pop', 'talent show', 'urban contemporary']",74
3BmGtnKgCSGYIUhmivXKWX,Kelly Clarkson,8265183,"['dance pop', 'neo mellow', 'pop', 'pop rock', 'post-teen pop', 'talent show']",83
1bj5GrcLom5gZFF5t949Xl,Martin Solveig,1190464,"['dance pop', 'disco house', 'edm', 'electro house', 'filter house', 'house', 'pop dance', 'tropical house', 'vocal house']",68
6V03b3Y36lolYP2orXn8mV,98º,354234,"['boy band', 'dance pop']",62
5DK8eK7fjvRsziXzyr3sFA,Moon Taxi,168027,"['indie poptimism', 'modern alternative rock', 'modern rock', 'pop rock', 'stomp and holler']",57
1vyhD5VmyZ7KMfW5gqLgo5,J Balvin,31236401,"['latin', 'reggaeton', 'reggaeton colombiano', 'trap latino']",93
6LqNN22kT3074XbTVUrhzX,Kesha,6821818,"['dance pop', 'electropop', 'pop', 'post-teen pop']",79
1LOB7jTeEV14pHai6EXSzF,Cash Cash,631921,"['dance pop', 'edm', 'electro house', 'electropop', 'electropowerpop', 'pop', 'pop dance', 'pop edm', 'tropical house']",69
6S2OmqARrzebs0tKUEyXyp,Demi Lovato,21182224,"['dance pop', 'pop', 'post-teen pop']",83
3cjEqqelV9zb4BYE3qDQ4O,EXO,8627912,"['k-pop', 'k-pop boy group']",75
0Y5tJX1MQlPlqiwlOH1tJY,Travis Scott,19181650,"['rap', 'slap house']",93
0LyfQWJT6nXafLPZqxe9Of,Various Artists,1386362,[],0
57WHJIHrjOE3iAxpihhMnp,Louis Tomlinson,5643363,"['pop', 'post-teen pop']",71
3nFkdlSjzX9mRTtwJOzDYB,JAY-Z,6794541,"['east coast hip hop', 'hip hop', 'rap']",86
6hIZBf6t4Yy8Lrqj7vPYTr,Jake Zyrus,13716,['opm'],27
25uiPmTg16RbhZWAqwLBy5,Charli XCX,2495518,"['art pop', 'candy pop', 'dance pop', 'electropop', 'metropopolis', 'pop', 'post-teen pop', 'uk pop']",80
73jBynjsVtofjRpdpRAJGk,Dimitri Vegas & Like Mike,3144005,"['belgian dance', 'belgian edm', 'big room', 'dance pop', 'edm', 'electro house', 'pop dance', 'progressive electro house', 'tropical house']",75
1URnnhqYAYcrqrcwql10ft,21 Savage,10486487,"['atl hip hop', 'rap', 'trap']",88
5he5w2lnU9x7JFhnwcekXX,Skrillex,7950019,"['brostep', 'complextro', 'edm', 'electro']",81
1vCWHaC5f2uS3yhpwWbIA6,Avicii,21027357,"['dance pop', 'edm', 'pop', 'pop dance']",84
2XHTklRsNMOOQT56Zm3WS4,Parokya Ni Edgar,2544059,"['opm', 'pinoy reggae', 'pinoy rock']",66
1KCSPY1glIKqW2TotWuXOR,P!nk,12254118,"['dance pop', 'pop']",83
2AQjGvtT0pFYfxR3neFcvz,Jordin Sparks,1950624,"['dance pop', 'neo mellow', 'pop', 'post-teen pop', 'r&b', 'urban contemporary']",66
7FgMLbnZVrEnir95O0YujA,Five For Fighting,692018,"['acoustic pop', 'neo mellow', 'piano rock', 'pop rock']",62
1YlibpAvhJBbMZMBwN1KGv,The Juans,653821,['opm'],59
3XEHRbR9NMWfNzQ6TQMS9M,Caleb Santos,34259,['acoustic opm'],48
7LvDTuFCBv08xm6u1pOMK0,TJ Monterde,781203,"['opm', 'pinoy singer-songwriter']",60
7tYKF4w9nC0nq9CsPZTHyP,SZA,6721730,"['pop', 'r&b', 'rap']",88
09Xydf4dlkr29dH99DmsvQ,Janine Teñoso,237663,"['opm', 'pinoy singer-songwriter']",58
1ZTdxfZTeztyAgKUJVLxAI,Rivermaya,1274295,"['opm', 'pinoy rock', 'pop rock']",59
1PbBg2aYjWLKRk84zJK15x,Echosmith,574225,"['dance pop', 'electropop', 'indie poptimism', 'pop rock']",62
4kYSro6naA4h99UJvo89HB,Cardi B,18664895,"['dance pop', 'pop', 'pop rap', 'rap']",85
7bXgB6jMjp9ATFy66eO08Z,Chris Brown,14946110,"['dance pop', 'pop', 'pop rap', 'r&b', 'rap']",90
20wkVLutqVOYrc0kxFs7rA,Daniel Caesar,2998734,"['canadian contemporary r&b', 'pop', 'r&b']",82
0eecdvMrqBftK0M1VKhaF4,CNCO,8345838,"['boy band', 'latin', 'latin pop', 'reggaeton']",74
3AVfmawzu83sp94QW7CEGm,Astrid S,1021378,"['alt z', 'dance pop', 'electropop', 'norwegian pop', 'pop', 'post-teen pop', 'tropical house']",73
4YXycRbyyAE0wozTk7QMEq,Matoma,670131,"['dance pop', 'edm', 'electro house', 'electropop', 'norwegian pop', 'pop', 'pop dance', 'pop edm', 'tropical house']",71
15UsOTVnJzReFVN1VCnxy4,XXXTENTACION,32880749,"['emo rap', 'miami hip hop']",90
4kI8Ie27vjvonwaB2ePh8T,Portugal. The Man,1278828,"['indie rock', 'modern alternative rock', 'modern rock', 'rock']",68
7cTXfwpe9peK0UE1bZyIWZ,Pinkfong,134146,"['cartoon', ""children's music"", 'dong-yo']",68
6cEuCEZu7PAE9ZSzLLc2oQ,R3HAB,2284950,"['dance pop', 'dutch house', 'edm', 'electro house', 'pop', 'pop dance', 'progressive electro house', 'slap house', 'tropical house']",79
2JyWXPbkqI5ZJa3gwqVa0c,Craig David,730614,"['british soul', 'dance pop', 'pop rap', 'r&b', 'urban contemporary']",69
6DIS6PRrLS3wbnZsf7vYic,WALK THE MOON,1854338,"['dance pop', 'dance rock', 'indie poptimism', 'modern alternative rock', 'modern rock', 'pop rock', 'rock']",72
4UXqAaa6dQYAk18Lv7PEgX,Fall Out Boy,9191011,"['emo', 'modern rock', 'rock']",81
2o5jDhtHVPhrJdv3cEQ99Z,Tiësto,6060915,"['big room', 'brostep', 'dance pop', 'dutch edm', 'edm', 'house', 'pop', 'pop dance', 'slap house', 'trance', 'tropical house']",86
6fOMl44jA4Sp5b9PpYCkzz,NF,6365503,"['hip hop', 'pop rap', 'rap']",84
3wyVrVrFCkukjdVIdirGVY,Lil Pump,7847046,"['emo rap', 'miami hip hop', 'rap', 'trap']",71
2ZRQcIgzPCVaT9XKhXZIzh,Gryffin,764589,"['dance pop', 'edm', 'electro house', 'pop', 'pop dance', 'tropical house']",75
3hyEbRtp617pNCuuQjyOmc,Lost Kings,338134,"['alt z', 'dance pop', 'edm', 'electro house', 'indie poptimism', 'pop', 'pop dance', 'pop edm', 'tropical house']",64
2iB7AJhJmkWkkehY9ccB0j,Ex Battalion,2230523,"['opm', 'pinoy hip hop', 'pinoy r&b', 'tagalog rap']",59
7dGJo4pcD2V6oG8kP0tJRR,Eminem,50169248,"['detroit hip hop', 'hip hop', 'rap']",93
7eCmccnRwPmRnWPw61x6jM,SHY Martin,246902,"['alt z', 'electropop', 'pop', 'swedish electropop', 'tropical house']",67
5dHt1vcEm9qb8fCyLcB3HL,A$AP Ferg,3174501,"['hip hop', 'pop rap', 'rap', 'southern hip hop', 'trap', 'underground hip hop']",77
1z4g3DjTBBZKhvAroFlhOM,Red Velvet,6247549,"['k-pop', 'k-pop girl group']",75
5ebPSE9YI5aLeZ1Z2gkqjn,Clara Benin,103682,"['opm', 'pinoy indie', 'pinoy singer-songwriter']",51
4iHNK0tOyZPYnBU7nGAgpQ,Mariah Carey,7263989,"['dance pop', 'pop', 'urban contemporary']",87
5fMUXHkw8R8eOP2RNVYEZX,Diplo,2430256,"['dance pop', 'edm', 'electro house', 'house', 'moombahton', 'ninja', 'pop', 'pop dance', 'tropical house']",82
47z7ZrgFoBvVpCnElCE3Zh,Yellow Claw,985050,"['bass trap', 'edm', 'electro house', 'electronic trap', 'pop dance']",69
7FNnA9vBm6EKceENgCGRMb,Anitta,10973616,"['funk carioca', 'funk pop', 'pagode baiano', 'pop nacional']",81
3EXdLajEO02ziZ90P90bSW,Lil Xan,2196478,"['emo rap', 'underground hip hop', 'vapor trap']",65
4DdkRBBYG6Yk9Ka8tdJ9BW,Offset,2179064,"['atl hip hop', 'hip hop', 'pop rap', 'rap', 'southern hip hop', 'trap']",81
4GBFKKuwmZUnAJt6nBal7A,Kamikazee,950367,"['opm', 'pinoy pop punk', 'pinoy rock']",60
1EHAbA1GMYOfkh9ds9eNfS,Jose Mari Chan,301449,"['classic opm', 'opm']",63
2G7VQ1kVhVfNagytlousgm,Al James,478509,"['opm', 'pinoy alternative rap', 'pinoy hip hop', 'pinoy r&b', 'pinoy trap', 'tagalog rap']",59
4sj6D0zlMOl25nprDJBiU9,Andy Williams,396501,"['adult standards', 'brill building pop', 'easy listening']",80
5lpH0xAS4fVfLkACg9DAuM,Wham!,1760061,"['europop', 'new romantic', 'new wave', 'new wave pop', 'soft rock']",80
1GlMjIezcLwV3OFlX0uXOv,Lea Salonga,148403,"['hollywood', 'movie tunes', 'show tunes', 'tagalog worship']",61
4DAcJXcjX0zlQAZAPAx4Zb,Ben&Ben,4386554,['opm'],73
0LyfQWJT6nXafLPZqxe9Of,Various Artists,1386362,[],0
1zNqDE7qDGCsyzJwohVaoX,Anne-Marie,8806646,"['dance pop', 'pop', 'post-teen pop', 'tropical house', 'uk pop']",81
3Y7RZ31TRPVadSFVy1o8os,H.E.R.,4572286,"['alternative r&b', 'dance pop', 'pop', 'r&b']",80
26dSoYclwsYLMAKD3tpOr4,Britney Spears,10113942,"['dance pop', 'pop', 'post-teen pop']",83
0GnuCXvnvVtX5DShryuyp9,Aiza Seguerra,464448,['opm'],53
0RHiqaoRCsFLPeEuj3OQz4,Gary Valenciano,767177,"['classic opm', 'opm', 'papuri', 'pinoy praise']",57
2H4bbbOohoe9zhqEsiRi7j,ABS-CBN Music All Star,7373,['opm'],59
4cPHsZM98sKzmV26wlwD2W,Brenda Lee,241249,"['adult standards', 'brill building pop', 'vocal jazz']",78
2iE18Oxc8YSumAU232n4rW,The Jackson 5,1195985,"['adult standards', 'motown', 'soul']",77
38EmEgXkgK51MT2tPY0EoC,Bobby Helms,22816,[],77
6sFIWsNpZYqfjUpaCgueju,Carly Rae Jepsen,4830082,"['canadian pop', 'dance pop', 'electropop', 'indie poptimism', 'pop', 'post-teen pop']",74
6ZjFtWeHP9XN7FeKSUe80S,Bing Crosby,378966,"['adult standards', 'easy listening']",83
11W91yRxIo7Mw75LClgrGx,Lyca Gairanod,23018,[],38
2aiQfmxcWSx7RrqSVbhiFX,Maria Aragon,875,[],38
7vjoSmk5jVvRXNiKIDMox1,Alisah Bonaobra,1747,[],31
0YaTdozvKSQ2UkOTTONmSJ,Rachelle Ann Go,399614,['opm'],51
6jtan6NPL80JFme8IkFiy7,Janice Javier,2263,[],35
7v4imS0moSyGdXyLgVTIV7,Nat King Cole,1718559,['adult standards'],81
1AwO9pWEBSBoWdEZu28XDC,Eartha Kitt,133861,"['adult standards', 'lounge', 'torch song', 'vocal jazz']",69
5V0MlUE1Bft0mbLlND7FJz,Ella Fitzgerald,2083279,"['adult standards', 'jazz blues', 'swing', 'vocal jazz']",78
4yiQZ8tQPux8cPriYMWUFP,Gwen Stefani,5050888,"['dance pop', 'hip pop', 'pop', 'post-teen pop', 'urban contemporary']",78
5EUahD2aecNM2phblhyVFi,Bamboo,6520,[],28
26AHtbjWKiwYzsoGoUZq53,Pentatonix,3165487,['a cappella'],83
0SG7a26LiFGt8E0olaIOpx,Acapellago,2595,[],27
7AKHnZVqwXYuUwWJ8UGL5q,Girls' Generation-TTS,535859,"['k-pop', 'k-pop girl group']",46
0SCbttzoZTnLFebDYmAWCm,Glee Cast,1433693,"['glee club', 'hollywood', 'post-teen pop']",77
65kpH75MFCBJhLy7qvVl6A,Aegis,177452,"['classic opm', 'opm']",53
3wNylAjJX1PiCpMKx8Lrfp,Regine Velasquez,1232774,"['classic opm', 'opm']",61
35S20clEkkSNUo23ViaslZ,Band Aid,21096,['musical advocacy'],73
4w9rFB4pUAUO3OloDQ6wn7,Jamie Rivera,112253,"['classic opm', 'opm', 'papuri', 'pinoy praise']",49
1Mxqyy3pSjf8kZZL4QVxS0,Frank Sinatra,5232130,"['adult standards', 'easy listening', 'lounge']",86
2jnIB6XdLvnJUeNTy5A0J2,Why Don't We,3025772,"['boy band', 'dance pop', 'electropop', 'pop', 'post-teen pop', 'teen pop']",75
0u4G1K1CSzcp5PZ6G6FIGu,Darren Espanto,407596,['opm'],50
3qZNpgS5OAdktfruSjjLeY,Benni Sparks,585,[],19
6Paz0vXJJ9bCPf0fEm3qzg,Dagny,128958,"['electropop', 'indie poptimism', 'norwegian indie', 'norwegian pop', 'tropical house']",62
0XNvr6bnNywV946ZKaJtr0,Joakim Lundell,128338,['swedish pop'],50
0lslA51eKXwTUY0TSX9Emy,Marion Aunor,31171,['opm'],44
5Xcbv83o11Ez2XPHa1n8Pf,AmPm,39558,['japanese dance pop'],48
62Jfwxon19ZOT9eSL6bvtY,Sweater Beats,42370,"['gauze pop', 'vapor twitch']",46
2TX325jFbZFpe2OGZNo4Lx,Markus,3132,['pinoy singer-songwriter'],33
3koiLjNrgRTNbOwViDipeA,Marvin Gaye,4352582,"['classic soul', 'funk', 'indie r&b', 'motown', 'northern soul', 'quiet storm', 'soul']",75
3fMbdgg4jU18AjLCKBhRSm,Michael Jackson,20908432,"['pop', 'r&b', 'soul']",84
5BcAKTbp20cv7tC5VqPFoC,Macklemore & Ryan Lewis,2562055,"['pop rap', 'seattle hip hop']",80
2JLqTvFXmC87BksiCsBezV,Matt Terry,123681,['talent show'],50
1EUmQM6xgUQLUkJVcvSdey,Orange & Lemons,594563,"['opm', 'pinoy indie', 'pinoy rock']",54
3xbpJdoJDLAfYn3ZeLlukg,Bosx1ne,141359,"['pinoy hip hop', 'pinoy r&b', 'tagalog rap']",54
2U5mF0PZqGu6glnz55yY0y,John Roa,1012054,['opm'],62
6U1dBXJhC8gXFjamvFTmHg,Zac Efron,730225,"['hollywood', 'post-teen pop', 'show tunes']",72
0touaoSr4QOLYxBJ9lmGgK,Karencitta,135921,"['pinoy edm', 'pinoy r&b', 'pinoy trap', 'vispop']",43
7HV2RI2qNug4EcQqLbCAKS,Keala Settle,141304,"['broadway', 'hollywood', 'show tunes']",68
7t0rwkOPGlDPEhaOcVtOt9,The Cranberries,2679831,"['irish rock', 'pop rock', 'rock']",75
17Do37U0HEbxu1tOrKH8dL,Nadine Lustre,206158,"['opm', 'pinoy r&b']",50
6ogIjp0fsbUxlqy9q2rvrT,Shanti Dope,1125823,"['opm', 'pinoy hip hop', 'pinoy r&b', 'pinoy trap', 'tagalog rap']",58
4WN5naL3ofxrVBgFpguzKo,Rudimental,1305448,"['dance pop', 'edm', 'house', 'pop', 'pop dance', 'tropical house', 'uk dance', 'uk funky']",73
3mPc8WGusz2XF3Tvs3AKCR,Carlie Hanson,343305,"['alt z', 'dance pop', 'electropop', 'indie electropop', 'indie poptimism', 'pop', 'post-teen pop', 'social media pop']",55
4GvEc3ANtPPjt1ZJllr5Zl,Bazzi,4697901,"['dance pop', 'electropop', 'pop']",78
0LyOADBjj28cbvJWTXUEGA,Loren Allred,89291,"['deep talent show', 'hollywood', 'movie tunes']",62
2cQr2KbzdRtIFlfbHGnNsL,Ziv Zaifman,9465,['show tunes'],59
5F1aoppMtU3OMiltO8ymJ2,Hugh Jackman,561431,"['hollywood', 'show tunes']",71
4k9wp4ipHdA1bu1T4x1ZTG,IV Of Spades,1771732,"['opm', 'pinoy indie', 'pinoy trap']",62
2LAqcqAQ8KPTsl1HBgBrqM,Michelle Williams,8822,['hollywood'],62
6Y20PijIkUoCtuvtkz37dO,Austyn Johnson,4481,['show tunes'],50
0vqJkZ0RpLZixt3lTmD8vP,Whethan,234291,"['edm', 'electropop', 'indie poptimism', 'pop', 'vapor soul', 'vapor twitch']",67
6k0IBR0lU42s2GYpNX7kA9,Brian McKnight,1148683,"['contemporary r&b', 'dance pop', 'quiet storm', 'r&b', 'urban contemporary']",66
3NRFinRTEqUCfaTTZmk8ek,Savage Garden,938820,"['australian pop', 'boy band', 'dance pop', 'europop', 'pop rock']",67
4am1I89OWXUzFh4ctRLkdd,Elliott Yamin,102783,[],50
2NzWRNaaLByHyI3wpuec8P,Jim Brickman,90147,"['new age', 'new age piano']",62
4TEJudQY2pXxVHPE3gD2EU,BlocBoy JB,1332434,"['memphis hip hop', 'pop rap', 'rap', 'southern hip hop', 'tennessee hip hop', 'trap', 'vapor trap']",65
5IcR3N7QB1j6KBL8eImZ8m,ScHoolboy Q,3949018,"['gangster rap', 'hip hop', 'pop rap', 'rap', 'southern hip hop', 'trap', 'underground hip hop']",78
28ExwzUQsvgJooOI0X1mr3,Jay Rock,1152088,"['conscious hip hop', 'gangster rap', 'hip hop', 'pop rap', 'rap', 'southern hip hop', 'trap', 'underground hip hop']",73
4qFxP3qN9GsnZDOkAE6x2m,December Avenue,4028169,"['opm', 'pinoy pop punk']",64
5Rl15oVamLq7FbSb0NNBNy,5 Seconds of Summer,8096309,"['boy band', 'dance pop', 'electropop', 'pop', 'post-teen pop']",82
6ueGR6SWhUJfvEhqkvMsVs,Janelle Monáe,1164065,"['afrofuturism', 'alternative r&b', 'art pop', 'atl hip hop', 'dance pop', 'electropop', 'escape room', 'neo soul', 'pop', 'r&b', 'urban contemporary']",69
23zg3TcAtWQy7J6upgbUnj,Usher,9250601,"['atl hip hop', 'contemporary r&b', 'dance pop', 'pop', 'r&b', 'south carolina hip hop', 'urban contemporary']",82
0b1sIQumIAsNbqAoIClSpy,j-hope,8140633,"['k-pop', 'k-rap']",66
38CvLGTsjtoloDgv3OKQp8,Robinson,86631,"['alt z', 'australian pop', 'nz pop']",55
3Hvxz2oZPYuo61ChHKcqQI,Autotelic,180890,"['opm', 'pinoy indie', 'pinoy rock']",43
5RR0MLwcjc87wjSw2JYdwx,MOMOLAND,2894358,"['k-pop', 'k-pop girl group']",62
6beUvFUlKliUYJdLOXNj9C,King Princess,1335240,"['alt z', 'art pop', 'dance pop', 'electropop', 'indie pop', 'indie poptimism', 'nyc pop', 'pop']",66
3Isy6kedDrgPYoTS1dazA9,Sean Paul,3682408,"['dance pop', 'dancehall', 'pop', 'pop rap']",83
4mrrcDjpjUq27YEGwlisgs,Gracenote,34540,"['opm', 'pinoy indie', 'pinoy rock']",44
1tqhsYv8yBBdwANFNzHtcr,Lil Dicky,1856307,"['comedy rap', 'pop rap', 'rap']",66
3EOEK57CV77D4ovYVcmiyt,Dennis Lloyd,584042,['israeli pop'],71
33W1pnW9zScZtYTnAoWnOT,Mr. Probz,313870,"['dutch hip hop', 'tropical house']",67
5wPoxI5si3eJsYYwyXV4Wi,N.E.R.D,708121,"['hip hop', 'virginia hip hop']",61
1pPmIToKXyGdsCF6LmqLmI,Rich The Kid,2729844,"['atl hip hop', 'hip hop', 'melodic rap', 'plugg', 'pop rap', 'rap', 'southern hip hop', 'trap']",75
5jAMCwdNHWr7JThxtMuEyy,NOTD,211764,"['alt z', 'dance pop', 'edm', 'electro house', 'electropop', 'pop', 'pop dance', 'pop edm', 'tropical house']",70
3JXpwnHbLvXxY99EuXqFPX,Poo Bear,38000,['pop r&b'],66
7n2Ycct7Beij7Dj7meI4X0,TWICE,11604387,"['k-pop', 'k-pop girl group']",86
3CjlHNtplJyTf9npxaPl5w,CHVRCHES,1275700,"['electropop', 'indie pop', 'metropopolis', 'neo-synthpop', 'pop rock', 'shimmer pop']",69
2KU7pJgPoJC3uwJRZPYQ8G,BATE,1288,['malaysian indie'],24
25tMQOrIU4LlUo6Sv8v5SE,Gavin James,614666,"['irish pop', 'neo mellow', 'pop', 'pop rock', 'viral pop']",68
6l3HvQ5sa6mXTsMTB19rO5,J. Cole,15222013,"['conscious hip hop', 'hip hop', 'north carolina hip hop', 'rap']",89
5iNrZmtVMtYev5M9yoWpEq,Seeb,254696,"['dance pop', 'edm', 'electro house', 'norwegian pop', 'pop', 'pop dance', 'pop edm', 'tropical house']",72
63gbXCha1jpkrJJ9K5gGpR,ELI,27802,['german pop'],52
3zDRCqOhJXJfS2YWOEwGMC,Christopher,223456,['danish pop'],63
0hCNtLu0JehylgoiP8L4Gh,Nicki Minaj,23365431,"['dance pop', 'hip pop', 'pop', 'pop rap', 'queens hip hop']",89
6qqNVTkY8uBg9cP3Jd7DAH,Billie Eilish,53654631,"['art pop', 'electropop', 'pop']",93
1frSJ3BwjRHE9jgMRQV5wC,Zookeepers,7936,['bass trap'],51
7aD2Ni3fUu66gklUFlvJi5,Kyle Juliano,109153,"['opm', 'tagalog rap']",50
2ZuweXv0TkfsidZOLZZoM2,HEDEGAARD,63619,"['danish electronic', 'danish pop', 'scandipop']",59
4ScCswdRlyA23odg9thgIO,Jess Glynne,2641680,"['australian pop', 'dance pop', 'pop', 'pop dance', 'post-teen pop', 'tropical house', 'uk pop']",76
39rKElzF7q6K4O2flycSEc,Chlara,41641,"['opm', 'viral pop']",54
2gBjLmx6zQnFGQJCAQpRgw,Nelly,1958397,"['dance pop', 'hip hop', 'pop rap', 'rap', 'southern hip hop', 'st louis rap', 'urban contemporary']",78
5vBSrE1xujD2FXYRarbAXc,Years & Years,1771030,"['dance pop', 'edm', 'electropop', 'gauze pop', 'pop', 'pop dance', 'tropical house']",73
2DaxqgrOhkeH0fpeiQq2f4,Oasis,6847875,"['beatlesque', 'britpop', 'madchester', 'permanent wave', 'rock']",79
2RdwBSPQiwcmiDo9kixcl8,Pharrell Williams,3737888,['pop rap'],81
3mIj9lX2MWuHmhNCA7LSCW,The 1975,5252635,"['modern alternative rock', 'modern rock', 'pop', 'rock']",78
4MCBfE4596Uoi2O4DtmEMz,Juice WRLD,21094821,"['chicago rap', 'melodic rap']",95
5K4W6rqBFWDnAN6FQUkS6x,Kanye West,15846203,"['chicago rap', 'rap']",94
5cYJYBMg1n71v7cvthr1SO,The Itchyworms,850598,"['opm', 'pinoy rock']",56
5IH6FPUwQTxPSXurCrcIov,Alec Benjamin,3144951,"['alt z', 'dream smp', 'electropop', 'pop']",80
7uMh23xWiuR7zsNkuNcm2G,MNEK,260660,"['uk contemporary r&b', 'uk dance']",74
1ySGjTzzgiL3khDY9awOGU,Andrea Babierra,1524,['opm'],20
1AhjOkOLkbHUfcHDSErXQs,88rising,744381,"['asian american hip hop', 'pop']",72
5LHRHt1k9lMyONurDHEdrp,Tyga,6406707,"['dance pop', 'hip hop', 'pop rap', 'rap', 'southern hip hop', 'trap']",84
4VMYDCV2IEDYJArk749S6m,Daddy Yankee,25167804,"['latin', 'latin hip hop', 'reggaeton', 'trap latino']",88
20JZFwl6HVl6yg8a4H3ZqK,Panic! At The Disco,11058908,['modern rock'],81
4fpTMHe34LC5t3h5ztK8qu,The Carters,1262873,"['pop', 'r&b', 'urban contemporary']",59
7HkdQ0gt53LP4zmHsL0nap,Ella Mai,3995134,"['dance pop', 'pop', 'pop r&b', 'pop rap', 'r&b', 'uk contemporary r&b', 'urban contemporary']",72
3gIRvgZssIb9aiirIg0nI3,Jeremy Zucker,1851487,"['electropop', 'pop']",79
7CQwac16i1W5ej8YpuL3dv,Boyce Avenue,2872840,"['acoustic cover', 'neo mellow', 'pop', 'viral pop']",75
40JlNF1w2OiSOyj1nC4y0I,Joseph Vincent,292275,['viral pop'],66
1uuV1avDy9Eup5gYHXVG05,Amber Leigh Irish,17528,"['acoustic cover', 'viral pop']",57
7HXBbxW6YwU8lvgBew2p2A,Matt Johnson,32301,"['acoustic cover', 'neo mellow', 'viral pop']",62
5JMLG56F1X5mFmWNmS0iAp,Chelsea Cutler,525435,"['alt z', 'electropop', 'indie poptimism', 'pop', 'tropical house']",76
6t1gpxYbY8OlLA7D2RiikQ,Loud Luxury,494702,"['dance pop', 'edm', 'electro house', 'pop', 'pop dance', 'tropical house']",71
30mZI7Hw2MhoarTVYxfyZM,Unique Salonga,189206,"['opm', 'pinoy indie']",53
5CiGnKThu5ctn9pBxv7DGa,benny blanco,850186,"['electropop', 'pop', 'pop rap']",76
5qRSs6mvI17zrkJpOHkCoM,iKON,3178103,"['k-pop', 'k-pop boy group']",66
1klFdLh3pak3eOtJP0styY,Triple H,502582,['k-pop'],43
4RUeoFWpDZ3IxGR7LYPoYN,Angelina Cruz,37914,['acoustic opm'],30
7tKpXx21KVUOR6vvDs6xtg,I Belong to the Zoo,1616672,"['opm', 'pinoy indie', 'pinoy rock']",58
7gZfnEnfiaHzxARJ2LeXrf,6ix9ine,6634418,"['emo rap', 'rap']",76
3v6Ji4uoWtKRkhuDUaxi9n,Dynoro,233769,"['edm', 'electro house', 'pop dance', 'tropical house']",71
7h4j9YTJJuAHzLCc3KCvYu,Kina Grannis,469681,"['acoustic pop', 'neo mellow', 'pop rock', 'viral pop']",68
3QSQFmccmX81fWCUSPTS7y,Dean Lewis,1822027,"['australian pop', 'pop', 'pop rock']",77
5Y8eJDj37KhaEeqbVO7Ag1,PRETTYMUCH,1133367,"['boy band', 'chill r&b', 'dance pop', 'pop', 'post-teen pop', 'social media pop']",66
6MXu7TWZnmykwkXiRJeUMh,Imago,654010,"['opm', 'pinoy rock', 'pop rock']",50
3pTaNQJ7TAU4yL7KEZp5sF,Nyoy Volante,67891,['opm'],39
0Vw76uk7P8yVtTClWyOhac,HONNE,1299882,"['chill r&b', 'pop', 'uk pop']",72
5xuNBZoM7z1Vv8IQ6uM0p6,JoJo,1980419,"['dance pop', 'hip pop', 'pop', 'pop rap', 'post-teen pop', 'r&b', 'urban contemporary']",67
4LcUpNlXFEleaLlelmkv2R,Kris Kross Amsterdam,154402,"['dutch house', 'dutch pop']",68
6auWB5YAlcKaHyrbTH66nd,No Rome,171900,"['indie pop', 'indietronica']",59
65XA3lk0aG9XejO8y37jjD,the bird and the bee,156240,"['indie pop', 'la indie']",50
1foL9hLC9M6U94dINtOYfb,Girls' Generation-Oh!GG,158644,"['k-pop', 'k-pop girl group']",45
2X97ZAqRKRMYFIDqtvGgGc,Silk City,75116,['edm'],62
4AVFqumd2ogHFlRbKIjp1t,Alesso,3726702,"['dance pop', 'edm', 'electro house', 'pop', 'pop dance', 'progressive electro house', 'tropical house']",77
2NdeV5rLm47xAvogXrYhJX,Ciara,5387143,"['dance pop', 'hip pop', 'pop', 'post-teen pop', 'r&b', 'urban contemporary']",73
30DIeQNV9s1HEXyuCpGF4l,Khel Pangilinan,475346,['opm'],53
3MZsBdqDrRTJihTHQrO6Dq,Joji,5206669,"['alternative r&b', 'viral pop']",84
13y7CgLHjMVRMDqxdx0Xdo,Gucci Mane,4082289,"['atl hip hop', 'dirty south rap', 'gangster rap', 'hip hop', 'pop rap', 'rap', 'southern hip hop', 'trap']",81
0n4a5imdLBN24fIrBWoqrv,Because,413318,"['opm', 'pinoy hip hop', 'pinoy r&b', 'pinoy trap', 'tagalog rap']",66
0p4nmQO2msCgU4IF37Wi3j,Avril Lavigne,8108042,"['canadian pop', 'candy pop', 'dance pop', 'pop', 'post-teen pop']",80
2kCcBybjl3SAtIcwdWpUe3,Lil Peep,8288675,"['emo rap', 'lgbtq+ hip hop']",86
0a4r2EnsevvHCukoJ1xFwJ,juan karlos,715051,"['opm', 'pinoy indie']",57
55Aa2cqylxrFIXC767Z865,Lil Wayne,11239306,"['hip hop', 'new orleans rap', 'pop rap', 'rap', 'trap']",89
5HIZU0JzM0AgfItVOm4E08,This Band,1475427,['opm'],53
5zctI4wO9XSKS8XwcnqEHk,Lil Mosey,4173113,"['melodic rap', 'rap', 'rap conscient', 'trap', 'vapor trap']",77
2TwRMSibtKhC7ZGypSl1el,Drei Rana,30591,['acoustic opm'],37
6sEgMZsruguWlnwVdiz4IX,Midnight Meetings,16874,['pinoy indie'],30
3bsQY9pFWVzUMxlSgGQuBn,Patch Quiwa,259476,['opm'],45
4q3ewBCX7sLwd24euuV69X,Bad Bunny,40662688,"['latin', 'reggaeton', 'trap latino']",97
46SHBwWsqBkxI7EeeBEQG7,Kodak Black,7549538,"['florida rap', 'hip hop', 'melodic rap', 'miami hip hop', 'rap', 'southern hip hop', 'trap']",83
4npEfmQ6YuiwW1GpUmaq3F,Ava Max,4579003,"['dance pop', 'pop']",84
5Z1CCuBsyhEHngq3U5IraY,Westlife,2558674,"['boy band', 'dance pop', 'europop']",73
2auC28zjQyVTsiZKNgPRGs,RM,7629468,['k-rap'],68
2cWZOOzeOm4WmBJRnD5R7I,Normani,1596610,"['dance pop', 'pop', 'post-teen pop', 'r&b', 'urban contemporary']",74
1dfeR4HaWDbWqFHLkxsg1d,Queen,38392828,"['classic rock', 'glam rock', 'rock']",88
5r1tUTxVSgvBHnoDuDODPH,IZ*ONE,1188458,"['k-pop', 'k-pop girl group']",68
5CY0QKsbUBpQJIE2yycsYi,Lil Eddie,20797,[],51
4gOc8TsQed9eqnqJct2c5v,K/DA,1425229,['k-pop girl group'],71
3HqSLMAZ3g3d5poNaI7GOU,IU,6018761,['k-pop'],77
250b0Wlc5Vk0CoUsaCY84M,JENNIE,1641078,['k-pop'],64
042sjIstxjQz7xhDkEayIE,Lavaado,9980,[],27
20sxb77xiYeusSH8cVdatc,Meek Mill,5653928,"['hip hop', 'philly rap', 'pop rap', 'rap', 'southern hip hop', 'trap']",82
2JI8ViuZDBybY6Xd9ujUrb,Reese Lansangan,134394,"['opm', 'pinoy indie']",49
3hv9jJF3adDNsBSIQDqcjp,Mark Ronson,938763,"['dance pop', 'pop']",78
3KovZIDNYgQY8chiNZo2ZF,Just Hush,246242,"['opm', 'pinoy r&b', 'pinoy trap']",55
4STHEaNw4mPZ2tzheohgXB,Paul McCartney,3777783,"['album rock', 'art rock', 'beatlesque', 'classic rock', 'mellow gold', 'rock', 'soft rock']",78
49e4v89VmlDcFCMyDv9wQ9,Dean Martin,1205896,"['adult standards', 'easy listening', 'lounge']",81
0qSX3s5pJnAlSsgsCne8Cz,Brett Eldredge,1331962,"['contemporary country', 'country', 'country road', 'modern country rock']",75
4x1nvY2FN8jxqAFA0DA02H,John Lennon,4564403,"['album rock', 'art rock', 'beatlesque', 'classic rock', 'folk rock', 'mellow gold', 'rock']",78
7CyeXFnOrfC1N6z4naIpgo,The Ronettes,189713,"['adult standards', 'brill building pop', 'classic girl group', 'motown', 'soul']",76
5v8jlSmAQfrkTjAlpUfWtu,Perry Como,365819,"['adult standards', 'brill building pop', 'easy listening', 'vocal jazz']",77
0MHgLfmQdutffmvWe5XBTN,Burl Ives,63031,"['adult standards', 'american folk revival']",75
77tT1kLj6mCWtFNqiOmP9H,Daryl Hall & John Oates,1656686,"['album rock', 'classic rock', 'mellow gold', 'rock', 'soft rock', 'yacht rock']",76
1x9aBTOQP8VjLBgKVm81K6,Nef Medina,844,['opm'],38
7K78lVZ8XzkjfRSI7570FF,José Feliciano,260234,"['latin pop', 'puerto rican pop']",76
2lolQgalUvZDfp5vvVtTYV,Tony Bennett,696587,"['adult standards', 'easy listening', 'vocal jazz']",75
4ivXbUYuZslF08Ca5EuJGc,Kithara,9311,['opm'],33
5KEG7G8LDYlHgFDqZyEEs2,Chris Rea,706423,"['blues rock', 'classic rock', 'mellow gold', 'soft rock', 'sophisti-pop']",74
43ZHCT0cAZBISjO8DG9PnE,Elvis Presley,6079116,"['adult standards', 'rock-and-roll', 'rockabilly']",82
3rXT3DX9OeNMfH8Thivxrk,Tres Hermanas,6438,"['acoustic opm', 'rosary']",38
3eqjTLE0HfPfh78zjh6TqT,Bruce Springsteen,4495449,"['classic rock', 'heartland rock', 'mellow gold', 'permanent wave', 'rock', 'singer-songwriter']",79
4RVnAU35WRWra6OZ3CbbMA,Kylie Minogue,1408580,"['australian dance', 'australian pop', 'dance pop', 'electropop', 'eurodance', 'europop', 'new wave pop', 'pop']",77
4QvYFzlTFZFg2904xx8gOu,Ariel Rivera,280246,"['classic opm', 'opm']",53
1l7ZsJRRS8wlW3WfJfPfNS,Christina Aguilera,6583093,"['dance pop', 'pop', 'post-teen pop']",81
7or90S16MNx8VogdeOqlKq,Cocoy Claravall,2495,['pinoy singer-songwriter'],25
7guDJrEfX3qb6FEbdPA5qi,Stevie Wonder,5383353,"['adult standards', 'motown', 'quiet storm', 'soul']",80
0hItVPjwJLVZrFqOyIsxPf,Judy Garland,192211,"['adult standards', 'hollywood', 'lounge', 'torch song', 'vocal jazz']",67
0wi4yTYlGtEnbGo4ltZTib,Shakin' Stevens,105381,"['classic uk pop', 'europop', 'new wave pop', 'rock-and-roll', 'rockabilly', 'soft rock']",73
293zczrfYafIItmnmM3coR,Chuck Berry,1506132,"['blues rock', 'classic rock', 'rock', 'rock-and-roll', 'rockabilly', 'soul']",73
0WleeEe3UurwlNbDGhb5Yz,ALLMO$T,750931,"['opm', 'pinoy hip hop', 'pinoy r&b', 'tagalog rap']",57
72nLe76yBFSlP6VBzME358,SHAUN,296784,['k-pop'],66
3KwmxIhSe9UTSEF37kwngR,SHAED,146199,"['electropop', 'pop']",65
0iqkVK6sTXi7DZWWOeKy8Q,PDL,115088,"['opm', 'pinoy hip hop', 'pinoy r&b']",55
5KnoVkIUGmK0PiDKMjz2LM,Feder,182205,"['new french touch', 'tropical house']",63
7F9FobwEoTXZRdi1MAUFjX,Alex Gonzaga,54762,['brazilian gospel'],35
6ioOEWNNGK40H8xrGj6XPW,XYLØ,281164,"['alt z', 'electropop', 'indie electropop', 'indie poptimism', 'la pop', 'pop', 'vapor soul']",57
01pKrlgPJhm5dB4lneYAqS,Sigma,282870,"['dance pop', 'dancefloor dnb', 'drum and bass', 'edm', 'house', 'pop dance', 'tropical house', 'uk dance']",65
1z7b1Pr1rSlvWRzsW3HOrS,Russ,4189253,"['hawaiian hip hop', 'rap']",81
4utLUGcTvOJFr6aqIJtYWV,Skylar Grey,502620,['piano rock'],75
31W5EY0aAly4Qieq6OFu6I,A Boogie Wit da Hoodie,6134194,"['melodic rap', 'rap', 'trap']",85
3hteYQFiMFbJY7wS0xDymP,Gesaffelstein,417691,"['dark clubbing', 'destroy techno', 'electro house']",72
0cGUm45nv7Z6M6qdXYQGTX,Kehlani,5305267,"['dance pop', 'pop', 'r&b']",80
4GNC7GD6oZMSxPGyXy4MNB,Lewis Capaldi,8959556,"['pop', 'uk pop']",82
4sTQVOfp9vEMCemLw50sbu,Galantis,3167664,"['dance pop', 'edm', 'electro house', 'pop', 'pop dance', 'tropical house']",78
2uhjpR62cyl0U8HD38yFQ8,JM De Guzman,115959,['opm'],45
2KC9Qb60EaY0kW4eH68vr3,ITZY,3167997,['k-pop girl group'],78
5e4Dhzv426EvQe3aDb64jL,Shania Twain,2391195,"['canadian country', 'canadian pop', 'country', 'country dawn', 'dance pop']",75
6Ad91Jof8Niiw0lGLLi3NW,YUNGBLUD,1922582,"['british indie rock', 'modern rock', 'pop', 'rock']",76
7bT6URJrhJleZUfkrysELD,Armi Millare,10332,['pinoy singer-songwriter'],35
7aerdWadzubpu06Oxysg6R,Paolo Sandejas,6131,"['opm', 'pinoy indie']",40
43CiK1548VVp2DT95joswS,Billy Crawford,13986,"['opm', 'pinoy r&b']",36
1MIVXf74SZHmTIp4V4paH4,Mabel,1477286,"['dance pop', 'edm', 'pop', 'pop dance', 'post-teen pop', 'tropical house', 'uk pop']",76
7gOdHgIoIKoe4i9Tta6qdD,Jonas Brothers,5809146,"['boy band', 'dance pop', 'pop', 'post-teen pop']",81
0ghlgldX5Dd6720Q3qFyQB,TOMORROW X TOGETHER,5127084,"['k-pop', 'k-pop boy group']",80
0haZhu4fFKt0Ag94kZDiz2,Sofía Reyes,2171451,"['dance pop', 'latin', 'latin pop', 'mexican pop', 'pop', 'reggaeton']",72
5qa31A9HySw3T7MKWI9bGg,FLETCHER,544729,"['alt z', 'dance pop', 'electropop', 'indie poptimism', 'pop', 'post-teen pop']",72
6WY7D3jk8zTrHtmkqqo5GI,Maren Morris,613862,"['contemporary country', 'country', 'texas country']",76
1UvsiRB2EarPibq6XRl9Sv,Pricetagg,70981,"['pinoy hip hop', 'pinoy trap', 'tagalog rap']",46
7pbDxGE6nQSZVfiFdq9lOL,Rex Orange County,3498299,"['bedroom pop', 'pop']",80
7jVv8c5Fj3E9VhNjxT4snq,Lil Nas X,8135712,"['lgbtq+ hip hop', 'pop']",91
57RB9qdhVRreynzLJ5tPkD,Avery,94,[],0
3ZZzT0naD25RhY2uZvIKkJ,EVERGLOW,1216344,"['k-pop', 'k-pop girl group']",69
3nlHsNqwCSvT988ZfSW1Yh,Ronan Keating,788234,"['dance pop', 'europop', 'soft rock']",67
4HPuFCMUiNcV4f3ew0flbZ,Alisson Shore,179175,"['opm', 'pinoy indie', 'pinoy r&b']",59
0jarApAsbmiCkYhz0590mE,Freestyle,161097,['opm'],57
6USv9qhCn6zfxlBQIYJ9qs,Dominic Fike,584470,"['alternative pop rock', 'pop']",74
70ljCILl0aVXitf3K39YvT,Join The Club,248955,"['opm', 'pinoy indie', 'pinoy rock']",49
56oDRnqbIiwx4mymNEv7dS,Lizzo,4249277,"['dance pop', 'escape room', 'minnesota hip hop', 'pop', 'trap queen']",76
6vCnF48qqPHgVMBEvcbgkU,CLR,101495,"['pinoy alternative rap', 'pinoy hip hop', 'pinoy r&b', 'pinoy trap', 'tagalog rap']",56
6gcteR920pLEynlHzjSRYd,Kiyo,316058,"['opm', 'pinoy hip hop', 'tagalog rap']",62
5DuzBeOgFwViFcv00Q5PFb,WINNER,2204004,"['k-pop', 'k-pop boy group']",59
2UeuiDT17tm6ljs9D4bSMX,Agsunta,455512,"['opm', 'pinoy rock']",53
4V8LLVI7PbaPR0K2TGSxFF,"Tyler, The Creator",7508137,"['hip hop', 'rap']",87
24CgJHK6T7C5OmUbiLLMjJ,Luh Kel,840703,"['pop r&b', 'st louis rap']",66
0C8kbAJOGo7CHx8jDTyTfR,Mena Massoud,16478,['show tunes'],52
2Zi3RrdQqk63Xj0914STkS,Naomi Scott,307174,['vapor pop'],64
5sy77gt4bfsLcSQ8GIe4ZZ,Alan Menken,92710,"['broadway', 'disney', 'hollywood', 'movie tunes', 'show tunes']",63
50co4Is1HCEo8bhOyUWKpn,Young Thug,6783776,"['atl hip hop', 'atl trap', 'gangster rap', 'hip hop', 'melodic rap', 'rap', 'trap']",90
7cVZApDoQZpS447nHTsNqu,LeeHi,1129729,['k-pop'],74
41qil2VaGbD194gaEcmmyx,Will Smith,800726,"['hip hop', 'pop rap']",69
7zYj9S9SdIunYCfSm7vzAR,JEON SOMI,1037825,['k-pop'],73
4rTv3Ejc7hKMtmoBOK1B4T,Ali Gatie,1815179,"['canadian hip hop', 'pop']",75
2Xr7M6vawpp6zwKOMU7iBU,Reneé Dominique,95684,['pinoy indie'],50
1dpv0XBdgUa5z4vzn7ahIz,Donnalyn,245017,['opm'],46
14scxEoUN7Dcx1m4EQ7oHe,Ashley O,58430,[],46
7oEWmZ9dKlAVxTgmjUbYr4,J Boog,242659,"['jawaiian', 'kaneka', 'pacific islands pop']",60
3yzRiNMZdTsSUgplcyYZ4i,Blanco Brown,126993,"['black americana', 'country rap']",63
2OYCiru0FZMaAXWn6eL7MA,VVS Collective,24775,"['pinoy hip hop', 'pinoy trap', 'tagalog rap']",42
0YrWkiT8pKvEu71t5Yllj7,Arvey,42624,['pinoy hip hop'],41
71hhKLR9oCOsHLdRIoQ5OU,King Badger,129827,"['pinoy hip hop', 'pinoy trap', 'tagalog rap']",48
0HS00NN7MAfF59aJnfcxSO,Stephanie Poetri,487126,['indonesian pop'],60
6USMTwO0MNDnKte5a5h0xx,Y2K,275058,['pop rap'],67
1d8sE3eKAsuUHShVmIwK6d,Psychedelic Boyz,40601,"['pinoy alternative rap', 'pinoy hip hop', 'pinoy trap', 'tagalog rap']",35
4qIVPF0s71ZYW3qzhu5GkF,Kina,690112,"['sad lo-fi', 'sad rap']",74
4Ga1P7PMIsmqEZqhYZQgDo,Lil Tecca,4572744,"['melodic rap', 'rap']",83
117XFtbZPnCI1EYKjYZWJc,Skusta Clee,1018303,"['opm', 'pinoy hip hop', 'tagalog rap']",69
2NjfBq1NflQcKSeiDooVjY,Tones And I,2890094,"['australian pop', 'pop']",77
181bsRPaVXVlUKXrxwZfHK,Megan Thee Stallion,5607732,"['houston rap', 'pop', 'trap queen']",86
1juIpte4oHJ5ngVLPTUPuJ,Justin Vasquez,175330,"['opm', 'pinoy r&b']",51
1vcXQE9gZOF9PCAtdtT51L,Geo Ong,248427,"['pinoy alternative rap', 'pinoy hip hop', 'tagalog rap']",41
6C4irZ60X8G7UimMRQiCcg,X1,337002,['k-pop'],46
3g7vYcdDXnqnDKYFwqXBJP,SB19,329916,"['opm', 'pinoy idol pop']",62
28B54RKpJrEmDoGSTjsfY6,Magnus Haven,381244,['opm'],54
7z5WFjZAIYejWy0NI5lv4T,Dan + Shay,2474514,"['contemporary country', 'country', 'pop']",78
5BHFSMEjfLVx1JwRWjAOsE,SuperM,1807059,['k-pop'],61
6ZdzYE3CEgY0Umgi3Dsgv8,Michael Dutchi Libranda,235916,['opm'],46
4ofCBoyEiGSePFAG500xev,Regard,163877,"['dance pop', 'edm', 'electro house', 'pop', 'pop dance', 'pop edm', 'slap house', 'tropical house']",76
3lFMRWaEWZlfXdBig97kks,Nik Makino,240944,"['pinoy hip hop', 'pinoy trap', 'tagalog rap']",53
0vRvGUQVUjytro0xpb26bs,Arizona Zervas,645270,"['pop rap', 'rhode island rap']",73
7FBcuc1gsnv6Y1nwFtNRCb,My Chemical Romance,6452842,"['emo', 'pop punk', 'rock']",80
4jpsw9CQS439N0B7SecMgf,Ant Saunders,84059,"['chill r&b', 'pop']",59
66W9LaWS0DPdL7Sz8iYGYe,JP Saxe,310700,"['alt z', 'canadian contemporary r&b', 'pop', 'pop rock']",73
7xX15v6ahAkcT14kHfB9wB,True Damage,100194,['k-rap'],55
73Np75Wv2tju61Eo9Zw4IR,Idina Menzel,370509,"['hollywood', 'show tunes']",76
7vwlQ7XElRyPMJQGUXBz4O,Tatak Pinoy All-Stars,9385,[],40
1SrWbIDP84JcSDr0oTBAQw,Matthaios,791919,"['opm', 'pinoy hip hop', 'tagalog rap']",59
7KkqUt65v6LMtR369OQ6FB,Jonathan Groff,93056,"['hollywood', 'show tunes']",67
2kHxkdiKCSnHMkhIgFBZaI,Kristen Bell,71334,"['disney', 'hollywood']",68
4dSQICBjdUIp5iK6RRU2bY,Josh Gad,25357,"['hollywood', 'movie tunes', 'show tunes']",64
3MyB0MyKec3Jq0AH2llk7v,Evan Rachel Wood,21751,['hollywood'],61
70kkdajctXSbqSMJbQO424,Kacey Musgraves,1063098,"['contemporary country', 'country dawn', 'pop', 'texas country']",77
2SrSdSvpminqmStGELCSNd,Stormzy,2394927,"['grime', 'uk hip hop']",76
7uaIm6Pw7xplS8Dy06V6pT,Trevor Daniel,665402,"['alternative r&b', 'melodic rap', 'pop', 'pop rap']",73
4sEykiNSzZbkFkNXTb1bVd,Hotdog,45244,"['classic opm', 'manila sound', 'opm']",44
1vVHevk2PD45epYnDi9CCc,Jack Stauber,1115541,['pittsburgh indie'],68
51Blml2LZPmy7TTiAg47vQ,U2,9098364,"['irish rock', 'permanent wave', 'rock']",80
6gbGGM0E8Q1hE511psqxL0,Ray J,710769,"['pop rap', 'r&b', 'urban contemporary']",60
391oLRVmoTkumiN79HkTWu,Darlene Love,41508,"['adult standards', 'brill building pop', 'motown']",73
0XATRDCYuuGhk0oE7C0o5G,MAMAMOO,4778223,"['k-pop', 'k-pop girl group']",71
790FomKkXshlbRYZFtlgla,KAROL G,20267439,"['latin', 'reggaeton', 'reggaeton colombiano', 'trap latino']",88
757aE44tKEUQEqRuT6GnEB,Roddy Ricch,7183585,"['melodic rap', 'rap', 'trap']",84
4r63FhuTkUYltbVAg5TQnk,DaBaby,8619159,"['north carolina hip hop', 'rap']",89
4Gso3d4CscCijv0lmajZWs,Don Toliver,1880921,"['pop', 'rap', 'trap']",84
5cj0lLjcoR7YOSnhnX0Po5,Doja Cat,13119255,"['dance pop', 'pop']",94
4vxaQs6vK54nK89J1VtLex,PUBLIC,173925,['indie rockism'],65
4LLpKhyESsyAXpc4laK94U,Mac Miller,6700968,"['hip hop', 'pittsburgh rap', 'rap']",87
1Bl6wpkWCQ4KVgnASpvzzA,BROCKHAMPTON,1896409,"['boy band', 'hip hop', 'rap']",74
2kxP07DLgs4xlWz8YHlvfh,NIKI,1080183,"['chill r&b', 'indonesian r&b', 'pop']",75
1LZEQNv7sE11VDY3SdxQeN,Bee Gees,5142865,"['disco', 'mellow gold', 'soft rock']",79
3gz6bSc7rsT9g4cB7r4xac,Young Vito,566,[],4
2EGJbNf0Hva2C2N6hvhMXD,Soulstice,54655,"['pinoy hip hop', 'tagalog rap']",41
4XpUIb8uuNlIWVKmgKZXC0,ZICO,1117141,"['k-pop', 'k-rap', 'korean r&b']",64
6Rx1JKzBrSzoKQtmbVmBnM,Hayley Williams,479907,"['art pop', 'indie pop']",68
137W8MRPWKqSmrBGDBFSop,Wiz Khalifa,10284070,"['dance pop', 'hip hop', 'pittsburgh rap', 'pop rap', 'rap', 'southern hip hop', 'trap']",86
4ETSs924pXMzjIeD6E9b4u,Surfaces,778238,"['bedroom soul', 'pop']",75
060TqET6tyyfAQLXDyIDD8,Raf Davis,32947,"['pinoy hip hop', 'pinoy trap']",49
4xXCRXOfQKQ2gjWxNhNzYW,Air Supply,2795957,"['adult standards', 'mellow gold', 'soft rock']",70
6bmlMHgSheBauioMgKv2tn,Powfu,996203,['sad rap'],77
3PDFGpPl4ienSn5Vwisfrh,Flow G,526706,"['pinoy hip hop', 'pinoy r&b', 'tagalog rap']",65
7dxr6AabRWhsfYRyVJlErK,MC Einstein,48412,"['pinoy hip hop', 'tagalog rap']",56
0Cp8WN4V8Tu4QJQwCN5Md4,BENEE,664787,"['alt z', 'nz pop', 'pop']",71
3JsHnjpbhX4SnySpvpa9DK,V,4803249,['korean ost'],66
2Q9c6ETFOkDDTy53U7DIgr,Maximillian,479861,['gen z singer-songwriter'],64
74cb3MG0x0BOnYNW1uXYnM,Hillsong UNITED,3240562,"['ccm', 'christian alternative rock', 'christian music', 'world worship', 'worship']",73
4tw2Lmn9tTPUv7Gy7mVPI4,Kenny Rogers,1853863,"['adult standards', 'classic country pop', 'country', 'mellow gold', 'nashville sound', 'soft rock']",72
0H39MdGGX6dbnnQPt6NQkZ,SAINt JHN,788490,"['melodic rap', 'pop rap', 'rap', 'slap house']",76
1Do4bSzfUl0KWL9r1fITu0,Yoon Mirae,273454,"['k-pop', 'korean ost', 'korean pop', 'korean r&b']",59
6dhfy4ByARPJdPtMyrUYJK,Yerin Baek,429600,"['k-indie', 'k-pop', 'korean pop']",62
0xRXCcSX89eobfrshSVdyu,MEDUZA,476236,"['edm', 'pop', 'pop dance', 'pop house', 'tropical house']",79
3r0NbTTxtCBUyxcIR4prXr,Jr Crown,89530,"['opm', 'pinoy hip hop', 'tagalog rap']",52
3FwNjtXQCdxpDOXmgJQGnG,Emman,220562,"['pinoy hip hop', 'tagalog rap']",50
2HPaUgqeutzr3jx5a9WyDV,PARTYNEXTDOOR,3437895,"['pop', 'pop rap', 'r&b', 'rap', 'toronto rap', 'trap', 'urban contemporary']",79
1lmU3giNF3CSbkVSQmLpHQ,Surf Mesa,140119,['tropical house'],69
3O5HD95HTEPgoPFOjAb7yV,DripReport,95515,['viral rap'],60
2TJHmhbmT7L3gw2NKyDTHh,Manu Pilas,31687,[],59
2AfmfGFbe0A0WsTYm0SDTx,(G)I-DLE,3047327,"['k-pop', 'k-pop girl group']",73
6eJqAWJdd8JhAN1pQGie4r,Casting Crowns,1510117,"['ccm', 'christian alternative rock', 'christian music', 'world worship', 'worship']",68
6L1XC7NrmgWRlwAeLJvVtA,Sam Fischer,145084,"['alt z', 'australian pop', 'dance pop', 'pop', 'uk pop']",72
6nfDaffa50mKtEOwR8g4df,GOT7,5473496,"['k-pop', 'k-pop boy group']",68
3ybZTNrlK0QhL4rBxfLHOc,Gaho,260481,"['k-pop', 'korean pop']",62
2PaZWGu5T5nHjY2xxAkFsT,THE SCOTTS,181240,[],64
59IohbmVWokN339BcxYt1S,Danzz,199,[],4
63yrD80RY3RNEM2YDpUpO8,Melanie Martinez,12085952,"['alt z', 'electropop', 'pop']",82
3qNVuliS40BLgXGxhdBdqu,TAEYEON,2174100,['k-pop'],70
19POcrtA9EM2Bvlgf19VPu,Brian Pepito,806,"['bisaya rap', 'vispop']",42
1IFBgp2dkXquUYSNEY6hK7,Soulthrll,11051,"['bisaya rap', 'pinoy hip hop', 'pinoy trap', 'tagalog rap']",48
27CDb3SwK4OdTI0YrGR9vH,Tanya Manalang,1287,[],35
5TnQc2N1iKlFjYD7CPGvFc,DAY6,2592571,"['k-pop', 'k-pop boy group']",70
4YXNoMVTHRt01jYaKXTumJ,Raiden,42098,['korean electronic'],58
76BiSFOr2qBMR7TtLxOG5o,Gian Magdangal,691,[],29
5RmQ8k4l3HZ8JoPb4mNsML,Agust D,6680702,['k-rap'],71
7f4ignuCJhLXfZ9giKT7rH,NCT 127,4827649,"['k-pop', 'k-pop boy group']",76
1XLWox9w1Yvbodui0SRhUQ,StaySolidRocky,155250,['melodic rap'],65
6kyw9sh7ryjy1GQdPYH3Yd,Juan Caoile,63890,"['pinoy hip hop', 'tagalog rap']",46
52gTrzyF0DyfkFl1DQz9Oq,Music Hero,94528,['opm'],52
6sFHvCyqklnJpXC9Nh1aag,Alexander 23,242828,"['alt z', 'pop']",69
4ufh0WuMZh6y4Dmdnklvdl,BAEKHYUN,2230357,['k-pop'],68
0imE3buPhAowREqCrr4CYe,Peach Tree Rascals,186241,"['alternative r&b', 'chill r&b', 'indie r&b']",65
7uDdl5V5AETSFY7K3muu22,Arthur Nery,624304,['opm'],73
19vSzy8s8Vc04MWTqExkLN,Ajay Stephens,15466,[],38
1slszTGbkp1uNnI6G5uD0X,BANG YE DAM,139116,[],46
56mfhUDKa1vec6rSLZV5Eg,Jawsh 685,103355,['nz pop'],70
7vPGzgDg3qGUY5bWtrO3K4,Conkarah,68338,['jawaiian'],58
3f0X043zSojego7Qn4Yi6U,Ace Banzuelo,19207,"['opm', 'pinoy indie', 'pinoy r&b', 'tagalog rap']",44
0u6GtibW46tFX7koQ6uNJZ,Topic,162314,"['dance pop', 'edm', 'electro house', 'german dance', 'pop dance', 'pop edm', 'tropical house']",80
7Dhd8nNMvFdye1R3Y8wE6C,Lil Vinceyy,8319,['pinoy hip hop'],39
7nqOGRxlXj7N2JYbgNEjYH,SEVENTEEN,6101660,"['k-pop', 'k-pop boy group']",79
2dIgFjalVxs4ThymZ67YCE,Stray Kids,6367297,"['k-pop', 'k-pop boy group']",82
7bmYpVgQub656uNTu6qGNQ,Hwa Sa,2420683,"['k-pop', 'korean mask singer']",69
3JDG63cSaK3xgDnB2H55Xp,Audrey Mika,166697,['chill r&b'],63
2M4mQMnLHQQXsFsRmTTqsR,Jana Garcia,849,['pinoy singer-songwriter'],34
0NIPkIjTV8mB795yEIiPYL,Wallows,2118785,"['indie pop', 'modern rock', 'pop']",75
6bwp9ObI8FWvMPCIWVBmhl,Red Velvet - IRENE & SEULGI,497230,['k-pop'],58
36cIRruPdUPW82OmPWVUQ7,Michael Bars,3071,[],25
6741jcSlgsv0M3B4ruIPS5,EXO-SC,994523,"['k-pop', 'k-pop boy group']",52
2JbE7jUIGtpXSzytnyMg6U,Curtis Waters,71294,[],60
5ENj57ble0bsG2s6C0vVkc,Alessandra De Rossi,1809,[],33
2IDLDx25HU1nQMKde4n61a,Rich Brian,1932636,['indonesian hip hop'],78
5GoU6Zkbt3w10nTYq6vBQh,Twenty-Nine Eleven,12946,[],29
2jku7tDXc6XoB6MO2hFuqg,Tory Lanez,4068713,"['canadian hip hop', 'canadian trap', 'melodic rap', 'pop rap', 'r&b', 'rap', 'toronto rap', 'trap']",84
4Uc8Dsxct0oMqx0P6i60ea,Conan Gray,4535156,"['bedroom pop', 'electropop', 'indie pop', 'pop']",82
3KonOYiLsU53m4yT7gNotP,TREASURE,1198000,['k-pop'],63
4BBN286rBKyCWsSPq2cxYO,Sam Kim,355731,"['chill r&b', 'k-pop', 'korean r&b']",68
1KP6TWI40m7p3QBTU6u2xo,BØRNS,1055180,"['modern alternative rock', 'modern rock', 'pop']",72
6iWghHqk07KYuZWB21Ff4i,Jem Macatuno,13425,[],46
4slXciON4jYY6mqE9LjSFx,Bandang Lapis,203533,['opm'],57
45dkTj5sMRSjrmBSBeiHym,Tate McRae,2089255,"['alt z', 'dance pop', 'pop', 'post-teen pop']",82
6fWVd57NKTalqvmjRd2t8Z,24kGoldn,1473053,"['cali rap', 'pop rap']",81
0eDvMgVFoNV3TpwtrVCoTj,Pop Smoke,8461599,['brooklyn drill'],89
0ZVAv3drBuIRSc88ATH6UK,DJ Noiz,71339,"['dubsteppe', 'nz hip hop', 'pacific islands pop', 'pop rap']",55
3Q2ya2vGeOhQ9CaF9wWNP6,Shane Filan,129927,['irish pop'],59
6DiAVYfSzZi8h1fGuTD6LI,Jimmy Bondoc,358222,['opm'],49
6DgP9otnZw5z6daOntINxp,Joel Corry,234922,"['dance pop', 'pop', 'pop dance', 'tropical house', 'uk dance']",82
1W7FNibLa0O0b572tB2w7t,Pink Sweat$,1118000,"['bedroom soul', 'chill r&b', 'pop']",76
3QJUFtGBGL05vo0kCJZsmT,salem ilese,151587,"['alt z', 'modern indie pop', 'social media pop']",68
3wVXTWabe3viT0jF7DfjOL,Vedo,290933,"['chill r&b', 'pop', 'pop r&b', 'pop rap', 'r&b']",70
3hB5x7E5sQzBHuG3xiqmUC,Logan Harris,3856,[],0
5R4HkjoZdxW3ZoVGC0e0qD,Julian Sean,12845,['opm'],43
3ID2V4b0oGSEbwPENAsdbG,Gagong Rapper,3503,[],0
6MPCFvOQv5cIGfw3jODMF0,Internet Money,531229,"['rap', 'trap']",78
021sXp6RH5MQCCp2hmal6q,Jom,28915,['pinoy r&b'],47
3V0ZQW0dNuVaFtbVYgSI24,Claire Rosinkranz,228530,"['alt z', 'indie pop', 'modern indie pop', 'pop']",67
7MPGCB854Qo4alYMOPkBka,Ritt Momney,106930,"['bedroom pop', 'indie pop']",67
7dFzqx2qyelGPiBKmdSEOT,Rob Deniel,52239,['pinoy indie'],50
543f0NvGig5Moo9XROTUur,Ebe Dancel,108389,"['opm', 'pinoy rock']",53
2C9n4tQgNLhHPhSCmdsQnk,David Archuleta,451180,"['dance pop', 'idol', 'lds youth', 'post-teen pop', 'viral pop']",62
3l0CmX0FuQjFxr8SK7Vqag,Clairo,2963910,"['bedroom pop', 'indie pop', 'pop']",80
3paGCCtX1Xr4Gx53mSeZuQ,NCT U,3223594,"['k-pop', 'k-pop boy group']",69
4zrB9WV6Z0iKKnGb1Pj0P2,AJ Rafael,136649,"['opm', 'viral pop']",55
0qlWcS66ohOIi0M8JZwPft,GFRIEND,1282653,"['k-pop', 'k-pop girl group']",65
1r4hJ1h58CWwUQe3MxPuau,Maluma,28618497,"['latin', 'reggaeton', 'reggaeton colombiano']",89
6YVMFz59CuY7ngCxTxjpxE,aespa,1215301,"['k-pop', 'k-pop girl group']",75
20DZAfCuP1TKZl5KcY7z3Q,SLANDER,330447,"['dubstep', 'edm', 'pop dance']",73
2JyNzzFJh2wkkZo7ZjMSs2,JM Bales,8601,[],41
50ifAXDdkDGG0RTON2If8K,Slapshock,139475,"['opm', 'pinoy metal', 'pinoy rock']",49
5t5FqBwTcgKTaWmfEbwQY9,ENHYPEN,2491264,"['anime', 'k-pop boy group']",78
6iVo62B0bdTknRcrktCmak,KAI,614237,['k-pop'],70
7IlRNXHjoOCgEAWN5qYksg,Aya Nakamura,3188522,"['basshall', 'francoton', 'pop urbaine']",74
7MmIC8lbUdmL6c05M63KF6,The Rossman Ensemble,120,[],53
2tIP7SsRs7vjIcLrU85W8J,The Kid LAROI,3008104,['australian hip hop'],90
6XpaIBNiVzIetEPCWDvAFP,Whitney Houston,7339999,"['dance pop', 'pop', 'urban contemporary']",79
4QQgXkCYTt3BlENzhyNETg,"Earth, Wind & Fire",3229818,"['disco', 'funk', 'jazz funk', 'motown', 'quiet storm', 'soul']",77
0bBz5bRBkExaej2HxtVfCw,347aidan,284542,['sad rap'],74
05YVYeV4HxYp5rrWalvuE1,"Grover Washington, Jr.",234850,[],70
1McMsnEElThX1knmY4oliG,Olivia Rodrigo,11268137,['pop'],91
0ZUvK7zGdXLd78mQr3t1Tw,Ricky Montgomery,928182,"['indie pop', 'la indie', 'pop']",74
1HkpK55jsORzgtOURbOeQH,1096 Gang,17153,"['pinoy hip hop', 'tagalog rap']",47
4fxd5Ee7UefO4CUXgwJ7IP,Giveon,1781681,"['pop', 'r&b']",84
0TnOYISbd1XYRBk9myaseg,Pitbull,8916116,"['dance pop', 'latin', 'miami hip hop', 'pop', 'pop rap']",85
1IQ4CjwKkdARjL5KtYiMt4,Ez Mil,56702,"['pinoy hip hop', 'pinoy trap', 'tagalog rap']",45
1NIQyQhhLxI07lSrY00HVB,Je,10334,"['opm', 'pinoy hip hop', 'tagalog rap']",51
5WHKBKrvTBMPoQX3v3Bq8J,Leah Nobel,15463,['nashville singer-songwriter'],53
2joIhhX3Feq47H4QXVDOr3,RINI,426056,"['alternative r&b', 'australian r&b', 'bedroom soul', 'chill r&b', 'pop']",66
2d3VHzlOEwXvmBdS4pzOPL,LeAnn Rimes,1021710,"['country', 'country dawn', 'dance pop']",65
3Z02hBLubJxuFJfhacLSDc,Bryan Adams,2381630,"['album rock', 'canadian pop', 'canadian singer-songwriter', 'classic canadian rock', 'heartland rock', 'mellow gold', 'soft rock']",78
6gezkje7GoJlQbHBgLXHuu,Destiny Rogers,112709,['pop'],60
6cK3NBO6uP7hh0oyuVELFl,Saweetie,1419521,"['cali rap', 'dance pop', 'pop', 'pop rap', 'r&b', 'trap queen']",81
6jGMq4yGs7aQzuGsMgVgZR,Lil Tjay,4239798,"['brooklyn drill', 'melodic rap', 'nyc rap']",86
1U1el3k54VvEUzo3ybLPlM,Kali Uchis,2374105,"['colombian pop', 'pop']",85
4RA4PC3WHM9OHZLExirTcU,APO Hiking Society,442995,"['classic opm', 'opm']",61
1uU7g3DNSbsu0QjSEqZtEd,Masked Wolf,494893,['australian hip hop'],76
7yaaxrkMOWJZXpIYHkppDH,Angela Ken,21404,[],49
1tM4ox3QsSpl3R2VwLjJ47,Larissa Lambert,19020,['chill r&b'],55
3eVa5w3URK5duf6eyVDbu9,ROSÉ,1997496,['k-pop'],69
6l880dxsvN2x5wiceaG6D0,Rico Blanco,379843,"['opm', 'pinoy indie', 'pinoy rock']",55
2vnB6tuQMaQpORiRdvXF9H,Beach Bunny,737170,"['bubblegrunge', 'chicago indie', 'indie pop']",73
3klZnJvYGIbWritVwQD434,Duncan Laurence,361923,['dutch pop'],74
1WgXqy2Dd70QQOU7Ay074N,AURORA,1999664,"['art pop', 'norwegian pop']",76
0FRUZvZNPzM3YJMABJxf2K,WENDY,613229,"['k-pop', 'korean pop']",60
67IN4cLJ7798gUapyZlmac,Zack Tabudlo,407005,"['acoustic opm', 'opm']",72
6AgTAQt8XS6jRWi4sX7w49,Polo G,6035935,['chicago rap'],92
73B9bjqS2Z5KLXNGqXf64m,Weeekly,341209,['k-pop'],64
3pc0bOVB5whxmD50W79wwO,keshi,1310297,"['chill r&b', 'pop']",77
3ZSbXArE6mxOleJnsumK4u,eAeon,105485,"['k-indie', 'korean electropop']",55
3aQeKQSyrW4qWr35idm0cy,T-Pain,3567152,"['dance pop', 'hip hop', 'pop', 'pop rap', 'r&b', 'rap', 'southern hip hop', 'urban contemporary']",80
1mCY2mHctggfYiEqpCgcSz,Bonnie Bailey,5795,[],44
1gBUSTR3TyDdTVFIaQnc02,NCT DREAM,4142821,"['k-pop', 'k-pop boy group']",73
4qXC0i02bSFstECuXP2ZpL,Blxst,229184,['pop rap'],76
1DlYnIiliftt6R21Y5NOW2,Adie,142071,['opm'],66
26cMerAxjx9GedFt0lMDjm,Bella Poarch,656076,[],72
2WgfkM8S11vg4kxLgDY3F5,StarBoi3,22031,[],64
3Dr5ezvDdYsycy1gfaZWSL,raven,15467,['tagalog rap'],46
0UntV1Bw2hk3fbRrm9eMP6,B.I,322034,['k-pop'],63
043r4OwwUAYREkBLK5jAiV,FM Static,200132,"['canadian ccm', 'canadian pop punk', 'christian alternative rock', 'christian punk']",55
0sYpJ0nCC8AlDrZFeAA7ub,JOY,525855,['k-pop'],59
5GVk1KCKa1tdHRev4bMw7V,NOBITA,82238,['opm'],66
7d86ERlvO5UG44j7Va0Y0C,Pamungkas,2228073,"['indonesian pop', 'indonesian singer-songwriter']",72
1mcTU81TzQhprhouKaTkpq,Rauw Alejandro,8178514,"['puerto rican pop', 'trap latino']",93
3RqBeV12Tt7A8xH3zBDDUF,Kelsea Ballerini,898969,"['contemporary country', 'country', 'pop']",72
1bgvuzIjHq12cBsfXCoEBe,Nightbirde,106315,[],47
2LkkwxA19J8C52wPQl5bG6,Jamie Miller,173889,['pop soul'],71
0lAWpj5szCSwM4rUMHYmrr,Måneskin,4880244,"['indie rock italiano', 'italian pop']",85
6feZH59Dj4tl1bQ8D2gukz,Donell Lewis,33083,"['nz hip hop', 'pacific islands pop']",57
4B65DA1kjKLdgTJydNNDHB,8 Ballin',6037,"['pinoy hip hop', 'pinoy trap', 'tagalog rap']",46
70NcAr4ZtA3FAqU16iQZSb,dhruv,174052,"['chill r&b', 'nyc pop', 'pop']",71
4wP1kxjUsc9IR4Iy2smL7o,Trinidad Cardona,118099,[],65
4yvcSjfu4PC0CYQyLy4wSq,Glass Animals,2239844,"['gauze pop', 'indietronica', 'shiver pop']",86
52zMTJCKluDlFwMQWmccY7,LOONA,1578710,"['k-pop', 'k-pop girl group']",70
7gXy60xRcwYujBFoYHnR2O,Big Red Machine,119857,"['eau claire indie', 'folktronica', 'indie pop']",62
2kRfqPViCqYdSGhYSM9R0Q,Madison Beer,4107304,"['alt z', 'dance pop', 'electropop', 'pop', 'post-teen pop']",78
2Ev7vtPI38BE2kQvwmH4ce,Arthur Miguel,54265,['opm'],56
404RA7nuwzYA8WskpMgUp1,Belle Mariano,53497,[],57
3kft86DbqCNr7rjq3pEj0G,Sarah Cothran,221291,['gen z singer-songwriter'],68
2CQZr2RPZmrcvDnaod1ldC,D.O.,1324915,['k-pop'],66
4OBJLual30L7gRl5UkeRcT,T.I.,3979820,"['atl hip hop', 'dance pop', 'dirty south rap', 'gangster rap', 'hip hop', 'pop rap', 'rap', 'southern hip hop', 'trap']",78
70ZTdbPEcEugBNay4MvxfL,Bread,1117402,"['adult standards', 'folk rock', 'mellow gold', 'soft rock']",66
7gXb99Sf9nNmpNYeAgIQFG,Sub Urban,1099320,['modern indie pop'],74
56OjNTX2bkrdGcB0staUOV,A-Wall,36821,['bedroom pop'],68
5GdspZ491zr64zzwVJJjJZ,Shehyee,74336,"['pinoy hip hop', 'tagalog rap']",47
4NslYs4dIwJjyAmfak2Yc2,Lipip,7437,"['pinoy r&b', 'tagalog rap']",48
7okSU80WTrn4LXlyXYbX3P,Clinton Kane,660460,"['alt z', 'gen z singer-songwriter', 'pop']",77
3OGOEwy4VOWKjSAcdiY8Gf,Lance Santdas,4641,['tagalog rap'],52
51sob9QZyfLff9XqvYluN5,Sezairi,48484,"['singaporean pop', 'singaporean singer-songwriter']",65
6TLwD7HPWuiOzvXEa3oCNe,Oliver Tree,1699156,['alternative hip hop'],80
41X1TR6hrK8Q2ZCpp2EqCz,bbno$,961794,"['canadian hip hop', 'dark trap', 'vapor trap']",79
01XYiBYaoMJcNhPokrg0l0,STAYC,446477,"['k-pop', 'k-pop girl group']",69
5L1lO4eRHmJ7a0Q6csE5cT,LISA,1705849,['k-pop'],83
2M1iyuNJojQoNdyfIMr54j,jikamarie,23057,[],57
2kCO8LXN1usaOPL3iEE28I,Tai Verdes,359659,['modern indie pop'],74
64H8UqGLbJFHwKtGxiV8OP,THE ANXIETY,109655,['modern alternative pop'],78
3PhoLpVuITZKcymswpck5b,Elton John,8305621,"['glam rock', 'mellow gold', 'piano rock']",89
048LktY5zMnakWq7PTtFrz,CKay,304199,['afro r&b'],84
1FtBEIWAwvw5ymBen5GICR,Chlöe,121829,[],68
3uwAm6vQy7kWPS2bciKWx9,girl in red,4288732,"['bedroom pop', 'bubblegrunge', 'indie pop', 'norwegian indie', 'pop']",79
4pfy05cNNTacuOQ6SiSu4v,Lyn Lapid,221045,['gen z singer-songwriter'],67
027TpXKGwdXP7iwbjUSpV8,The Walters,256102,"['chicago indie', 'indie pop']",76
64k5e9kV9MdukXjFrR5R37,Jessi,895167,['k-pop'],69
35R1B97CfrqKFFI3QBkTDx,RealestK,64766,[],70
7c1HgFDe8ogy5NOZ1ANCJQ,"Car, the garden",99069,"['k-indie', 'korean pop']",57
1h6Cn3P4NGzXbaXidqURXs,Swedish House Mafia,3442186,"['dance pop', 'edm', 'electro house', 'pop', 'pop dance', 'progressive electro house']",80
1Cd373x8qzC7SNUg5IToqp,BoyWithUke,453000,[],81
0hDjKSKjl1DC7ovYTDJHe8,Bruno Major,721488,"['chill r&b', 'pop']",75
42daDEQTdYaqtHG5sH5HMD,Celina Sharma,13955,[],64
5vV3bFXnN6D6N3Nj4xRvaV,JIN,1002611,[],69
7zkwepHPyac6tCYl0fL0co,ASTN,158399,"['bedroom soul', 'chill r&b', 'pop']",68
22wbnEMDvgVIAGdFeek6ET,Benson Boone,81020,[],72
4XDi67ZENZcbfKnvMnTYsI,Jay Park,1577172,"['k-pop', 'k-rap', 'korean r&b']",71
21UPYSRWFKwtqvSAnFnSvS,Amaarae,89866,"['afro r&b', 'ghanaian alternative', 'ghanaian pop']",77
2VSHKHBTiXWplO8lxcnUC9,GAYLE,113872,[],82
6QrQ7OrISRYIfS5mtacaw2,Jaymes Young,707834,"['alt z', 'indie poptimism', 'modern rock', 'pop']",77
051S1Ka6cz3BQ5kobDhIvj,M Zhayt,2842,['tagalog rap'],44
6RHTUrRF63xao58xh9FXYJ,IVE,139593,['k-pop'],67
31fsDbpNPKe346urriO4ma,mrld,31359,['pinoy indie'],56
71szvmFWd7TUa7b6XmXj9k,Emmy Meli,101758,[],70
4pnp4w9g30yLfVIAFnZMRd,ACRAZE,30075,[],78
