position,track_id,track_name,artist,streams
179,628A1ThsViFrgjqgRAy4aa,Diwata,Abra,15111
185,628A1ThsViFrgjqgRAy4aa,Diwata,Abra,15061
161,628A1ThsViFrgjqgRAy4aa,Diwata,Abra,17258
197,628A1ThsViFrgjqgRAy4aa,Diwata,Abra,15188
189,628A1ThsViFrgjqgRAy4aa,Diwata,Abra,15603
190,628A1ThsViFrgjqgRAy4aa,Diwata,Abra,14299
190,628A1ThsViFrgjqgRAy4aa,Diwata,Abra,14356
195,628A1ThsViFrgjqgRAy4aa,Diwata,Abra,14963
158,628A1ThsViFrgjqgRAy4aa,Diwata,Abra,17643
197,628A1ThsViFrgjqgRAy4aa,Diwata,Abra,15219
192,628A1ThsViFrgjqgRAy4aa,Diwata,Abra,14449
188,628A1ThsViFrgjqgRAy4aa,Diwata,Abra,14490
160,628A1ThsViFrgjqgRAy4aa,Diwata,Abra,17229
193,628A1ThsViFrgjqgRAy4aa,Diwata,Abra,14559
167,628A1ThsViFrgjqgRAy4aa,Diwata,Abra,17468
198,628A1ThsViFrgjqgRAy4aa,Diwata,Abra,15492
190,628A1ThsViFrgjqgRAy4aa,Diwata,Abra,14881
200,628A1ThsViFrgjqgRAy4aa,Diwata,Abra,15312
178,628A1ThsViFrgjqgRAy4aa,Diwata,Abra,17272
194,628A1ThsViFrgjqgRAy4aa,Diwata,Abra,15107
173,628A1ThsViFrgjqgRAy4aa,Diwata,Abra,17462
184,628A1ThsViFrgjqgRAy4aa,Diwata,Abra,18093
192,628A1ThsViFrgjqgRAy4aa,Diwata,Abra,18091
197,628A1ThsViFrgjqgRAy4aa,Diwata,Abra,15821
189,628A1ThsViFrgjqgRAy4aa,Diwata,Abra,19007
200,628A1ThsViFrgjqgRAy4aa,Diwata,Abra,15416
192,628A1ThsViFrgjqgRAy4aa,Diwata,Abra,18572
182,628A1ThsViFrgjqgRAy4aa,Diwata,Abra,19203
186,628A1ThsViFrgjqgRAy4aa,Diwata,Abra,18346
200,3qs5vRk6QTsyeRjZZquDvb,Diwata,Abra,17464
